label,trt,site,yr,month,mo,day,plot,type,g_m2,plot_perc
bison1_June_grass,bison,bison_1,2022,June,6,9,1,grass,127,41.36807818
bison1_June_forb,bison,bison_1,2022,June,6,9,1,forb,5,1.628664495
bison1_June_woody,bison,bison_1,2022,June,6,9,1,woody,0,0
bison1_June_litter,bison,bison_1,2022,June,6,9,1,litter,175,57.00325733
bison1_June_grass,bison,bison_1,2022,June,6,9,2,grass,68,56.19834711
bison1_June_forb,bison,bison_1,2022,June,6,9,2,forb,15,12.39669421
bison1_June_woody,bison,bison_1,2022,June,6,9,2,woody,11,9.090909091
bison1_June_litter,bison,bison_1,2022,June,6,9,2,litter,27,22.31404959
bison1_June_grass,bison,bison_1,2022,June,6,9,3,grass,32,11.46953405
bison1_June_forb,bison,bison_1,2022,June,6,9,3,forb,19,6.810035842
bison1_June_woody,bison,bison_1,2022,June,6,9,3,woody,115,41.21863799
bison1_June_litter,bison,bison_1,2022,June,6,9,3,litter,113,40.50179211
bison1_June_grass,bison,bison_1,2022,June,6,9,4,grass,10,16.39344262
bison1_June_forb,bison,bison_1,2022,June,6,9,4,forb,51,83.60655738
bison1_June_woody,bison,bison_1,2022,June,6,9,4,woody,0,0
bison1_June_litter,bison,bison_1,2022,June,6,9,4,litter,0,0
bison1_June_grass,bison,bison_1,2022,June,6,9,5,grass,28,9.395973154
bison1_June_forb,bison,bison_1,2022,June,6,9,5,forb,8,2.684563758
bison1_June_woody,bison,bison_1,2022,June,6,9,5,woody,184,61.74496644
bison1_June_litter,bison,bison_1,2022,June,6,9,5,litter,78,26.17449664
bison2_June_grass,bison,bison_2,2022,June,6,14,1,grass,23,10.90047393
bison2_June_forb,bison,bison_2,2022,June,6,14,1,forb,0,0
bison2_June_woody,bison,bison_2,2022,June,6,14,1,woody,0,0
bison2_June_litter,bison,bison_2,2022,June,6,14,1,litter,188,89.09952607
bison2_June_grass,bison,bison_2,2022,June,6,14,2,grass,110,72.36842105
bison2_June_forb,bison,bison_2,2022,June,6,14,2,forb,0,0
bison2_June_woody,bison,bison_2,2022,June,6,14,2,woody,0,0
bison2_June_litter,bison,bison_2,2022,June,6,14,2,litter,42,27.63157895
bison2_June_grass,bison,bison_2,2022,June,6,14,3,grass,99,68.75
bison2_June_forb,bison,bison_2,2022,June,6,14,3,forb,9,6.25
bison2_June_woody,bison,bison_2,2022,June,6,14,3,woody,0,0
bison2_June_litter,bison,bison_2,2022,June,6,14,3,litter,36,25
bison2_June_grass,bison,bison_2,2022,June,6,14,4,grass,151,46.46153846
bison2_June_forb,bison,bison_2,2022,June,6,14,4,forb,0,0
bison2_June_woody,bison,bison_2,2022,June,6,14,4,woody,0,0
bison2_June_litter,bison,bison_2,2022,June,6,14,4,litter,174,53.53846154
bison2_June_grass,bison,bison_2,2022,June,6,14,5,grass,81,29.94454713
bison2_June_forb,bison,bison_2,2022,June,6,14,5,forb,0.5,0.184842884
bison2_June_woody,bison,bison_2,2022,June,6,14,5,woody,0,0
bison2_June_litter,bison,bison_2,2022,June,6,14,5,litter,189,69.87060998
bison3_June_grass,bison,bison_3,2022,June,6,14,1,grass,85,55.92105263
bison3_June_forb,bison,bison_3,2022,June,6,14,1,forb,2,1.315789474
bison3_June_woody,bison,bison_3,2022,June,6,14,1,woody,0,0
bison3_June_litter,bison,bison_3,2022,June,6,14,1,litter,65,42.76315789
bison3_June_grass,bison,bison_3,2022,June,6,14,2,grass,79,16.48925068
bison3_June_forb,bison,bison_3,2022,June,6,14,2,forb,0.1,0.020872469
bison3_June_woody,bison,bison_3,2022,June,6,14,2,woody,0,0
bison3_June_litter,bison,bison_3,2022,June,6,14,2,litter,400,83.48987685
bison3_June_grass,bison,bison_3,2022,June,6,14,3,grass,76,21.96531792
bison3_June_forb,bison,bison_3,2022,June,6,14,3,forb,41,11.84971098
bison3_June_woody,bison,bison_3,2022,June,6,14,3,woody,0,0
bison3_June_litter,bison,bison_3,2022,June,6,14,3,litter,229,66.1849711
bison3_June_grass,bison,bison_3,2022,June,6,14,4,grass,83,89.72972973
bison3_June_forb,bison,bison_3,2022,June,6,14,4,forb,0.5,0.540540541
bison3_June_woody,bison,bison_3,2022,June,6,14,4,woody,0,0
bison3_June_litter,bison,bison_3,2022,June,6,14,4,litter,9,9.72972973
bison3_June_grass,bison,bison_3,2022,June,6,14,5,grass,79,28.2647585
bison3_June_forb,bison,bison_3,2022,June,6,14,5,forb,0.5,0.178890877
bison3_June_woody,bison,bison_3,2022,June,6,14,5,woody,0,0
bison3_June_litter,bison,bison_3,2022,June,6,14,5,litter,200,71.55635063
ungrazed1_June_grass,ungrazed,ungrazed_1,2022,June,6,9,1,grass,72,11.60915834
ungrazed1_June_forb,ungrazed,ungrazed_1,2022,June,6,9,1,forb,0.2,0.032247662
ungrazed1_June_woody,ungrazed,ungrazed_1,2022,June,6,9,1,woody,0,0
ungrazed1_June_litter,ungrazed,ungrazed_1,2022,June,6,9,1,litter,548,88.358594
ungrazed1_June_grass,ungrazed,ungrazed_1,2022,June,6,9,2,grass,78,11.28798842
ungrazed1_June_forb,ungrazed,ungrazed_1,2022,June,6,9,2,forb,8,1.157742402
ungrazed1_June_woody,ungrazed,ungrazed_1,2022,June,6,9,2,woody,0,0
ungrazed1_June_litter,ungrazed,ungrazed_1,2022,June,6,9,2,litter,605,87.55426918
ungrazed1_June_grass,ungrazed,ungrazed_1,2022,June,6,9,3,grass,67,9.128065395
ungrazed1_June_forb,ungrazed,ungrazed_1,2022,June,6,9,3,forb,5,0.68119891
ungrazed1_June_woody,ungrazed,ungrazed_1,2022,June,6,9,3,woody,0,0
ungrazed1_June_litter,ungrazed,ungrazed_1,2022,June,6,9,3,litter,662,90.19073569
ungrazed1_June_grass,ungrazed,ungrazed_1,2022,June,6,9,4,grass,40,33.22259136
ungrazed1_June_forb,ungrazed,ungrazed_1,2022,June,6,9,4,forb,0.4,0.332225914
ungrazed1_June_woody,ungrazed,ungrazed_1,2022,June,6,9,4,woody,0,0
ungrazed1_June_litter,ungrazed,ungrazed_1,2022,June,6,9,4,litter,80,66.44518272
ungrazed1_June_grass,ungrazed,ungrazed_1,2022,June,6,9,5,grass,123,21.09777015
ungrazed1_June_forb,ungrazed,ungrazed_1,2022,June,6,9,5,forb,13,2.229845626
ungrazed1_June_woody,ungrazed,ungrazed_1,2022,June,6,9,5,woody,0,0
ungrazed1_June_litter,ungrazed,ungrazed_1,2022,June,6,9,5,litter,447,76.67238422
ungrazed2_June_grass,ungrazed,ungrazed_2,2022,June,6,16,1,grass,52,24.76190476
ungrazed2_June_forb,ungrazed,ungrazed_2,2022,June,6,16,1,forb,37,17.61904762
ungrazed2_June_woody,ungrazed,ungrazed_2,2022,June,6,16,1,woody,9,4.285714286
ungrazed2_June_litter,ungrazed,ungrazed_2,2022,June,6,16,1,litter,112,53.33333333
ungrazed2_June_grass,ungrazed,ungrazed_2,2022,June,6,16,2,grass,15,12.82051282
ungrazed2_June_forb,ungrazed,ungrazed_2,2022,June,6,16,2,forb,55,47.00854701
ungrazed2_June_woody,ungrazed,ungrazed_2,2022,June,6,16,2,woody,0,0
ungrazed2_June_litter,ungrazed,ungrazed_2,2022,June,6,16,2,litter,47,40.17094017
ungrazed2_June_grass,ungrazed,ungrazed_2,2022,June,6,16,3,grass,27,37.5
ungrazed2_June_forb,ungrazed,ungrazed_2,2022,June,6,16,3,forb,9,12.5
ungrazed2_June_woody,ungrazed,ungrazed_2,2022,June,6,16,3,woody,0,0
ungrazed2_June_litter,ungrazed,ungrazed_2,2022,June,6,16,3,litter,36,50
ungrazed2_June_grass,ungrazed,ungrazed_2,2022,June,6,16,4,grass,85,24.56647399
ungrazed2_June_forb,ungrazed,ungrazed_2,2022,June,6,16,4,forb,16,4.624277457
ungrazed2_June_woody,ungrazed,ungrazed_2,2022,June,6,16,4,woody,0,0
ungrazed2_June_litter,ungrazed,ungrazed_2,2022,June,6,16,4,litter,245,70.80924855
ungrazed2_June_grass,ungrazed,ungrazed_2,2022,June,6,16,5,grass,77,19.64285714
ungrazed2_June_forb,ungrazed,ungrazed_2,2022,June,6,16,5,forb,71,18.1122449
ungrazed2_June_woody,ungrazed,ungrazed_2,2022,June,6,16,5,woody,0,0
ungrazed2_June_litter,ungrazed,ungrazed_2,2022,June,6,16,5,litter,244,62.24489796
ungrazed3_June_grass,ungrazed,ungrazed_3,2022,June,6,17,1,grass,23,23.95833333
ungrazed3_June_forb,ungrazed,ungrazed_3,2022,June,6,17,1,forb,4,4.166666667
ungrazed3_June_woody,ungrazed,ungrazed_3,2022,June,6,17,1,woody,0,0
ungrazed3_June_litter,ungrazed,ungrazed_3,2022,June,6,17,1,litter,69,71.875
ungrazed3_June_grass,ungrazed,ungrazed_3,2022,June,6,17,2,grass,51,35.14817367
ungrazed3_June_forb,ungrazed,ungrazed_3,2022,June,6,17,2,forb,0.1,0.068917988
ungrazed3_June_woody,ungrazed,ungrazed_3,2022,June,6,17,2,woody,18,12.40523777
ungrazed3_June_litter,ungrazed,ungrazed_3,2022,June,6,17,2,litter,76,52.37767057
ungrazed3_June_grass,ungrazed,ungrazed_3,2022,June,6,17,3,grass,14,18.91891892
ungrazed3_June_forb,ungrazed,ungrazed_3,2022,June,6,17,3,forb,4,5.405405405
ungrazed3_June_woody,ungrazed,ungrazed_3,2022,June,6,17,3,woody,0,0
ungrazed3_June_litter,ungrazed,ungrazed_3,2022,June,6,17,3,litter,56,75.67567568
ungrazed3_June_grass,ungrazed,ungrazed_3,2022,June,6,17,4,grass,31,20.59800664
ungrazed3_June_forb,ungrazed,ungrazed_3,2022,June,6,17,4,forb,0.5,0.332225914
ungrazed3_June_woody,ungrazed,ungrazed_3,2022,June,6,17,4,woody,8,5.315614618
ungrazed3_June_litter,ungrazed,ungrazed_3,2022,June,6,17,4,litter,111,73.75415282
ungrazed3_June_grass,ungrazed,ungrazed_3,2022,June,6,17,5,grass,28,14.81481481
ungrazed3_June_forb,ungrazed,ungrazed_3,2022,June,6,17,5,forb,4,2.116402116
ungrazed3_June_woody,ungrazed,ungrazed_3,2022,June,6,17,5,woody,0,0
ungrazed3_June_litter,ungrazed,ungrazed_3,2022,June,6,17,5,litter,157,83.06878307
cattle1_June_grass,cattle,cattle_1,2022,June,6,16,1,grass,32,42.66666667
cattle1_June_forb,cattle,cattle_1,2022,June,6,16,1,forb,8,10.66666667
cattle1_June_woody,cattle,cattle_1,2022,June,6,16,1,woody,13,17.33333333
cattle1_June_litter,cattle,cattle_1,2022,June,6,16,1,litter,22,29.33333333
cattle1_June_grass,cattle,cattle_1,2022,June,6,16,2,grass,23,11.38613861
cattle1_June_forb,cattle,cattle_1,2022,June,6,16,2,forb,5,2.475247525
cattle1_June_woody,cattle,cattle_1,2022,June,6,16,2,woody,0,0
cattle1_June_litter,cattle,cattle_1,2022,June,6,16,2,litter,174,86.13861386
cattle1_June_grass,cattle,cattle_1,2022,June,6,16,3,grass,33,41.7721519
cattle1_June_forb,cattle,cattle_1,2022,June,6,16,3,forb,0,0
cattle1_June_woody,cattle,cattle_1,2022,June,6,16,3,woody,0,0
cattle1_June_litter,cattle,cattle_1,2022,June,6,16,3,litter,46,58.2278481
cattle1_June_grass,cattle,cattle_1,2022,June,6,16,4,grass,25,10.91703057
cattle1_June_forb,cattle,cattle_1,2022,June,6,16,4,forb,15,6.550218341
cattle1_June_woody,cattle,cattle_1,2022,June,6,16,4,woody,0,0
cattle1_June_litter,cattle,cattle_1,2022,June,6,16,4,litter,189,82.53275109
cattle1_June_grass,cattle,cattle_1,2022,June,6,16,5,grass,39,21.7877095
cattle1_June_forb,cattle,cattle_1,2022,June,6,16,5,forb,28,15.6424581
cattle1_June_woody,cattle,cattle_1,2022,June,6,16,5,woody,11,6.145251397
cattle1_June_litter,cattle,cattle_1,2022,June,6,16,5,litter,101,56.42458101
cattle2_June_grass,cattle,cattle_2,2022,June,6,10,1,grass,213,28.9009498
cattle2_June_forb,cattle,cattle_2,2022,June,6,10,1,forb,0,0
cattle2_June_woody,cattle,cattle_2,2022,June,6,10,1,woody,0,0
cattle2_June_litter,cattle,cattle_2,2022,June,6,10,1,litter,524,71.0990502
cattle2_June_grass,cattle,cattle_2,2022,June,6,10,2,grass,31,27.67857143
cattle2_June_forb,cattle,cattle_2,2022,June,6,10,2,forb,9,8.035714286
cattle2_June_woody,cattle,cattle_2,2022,June,6,10,2,woody,20,17.85714286
cattle2_June_litter,cattle,cattle_2,2022,June,6,10,2,litter,52,46.42857143
cattle2_June_grass,cattle,cattle_2,2022,June,6,10,3,grass,118,31.80592992
cattle2_June_forb,cattle,cattle_2,2022,June,6,10,3,forb,26,7.008086253
cattle2_June_woody,cattle,cattle_2,2022,June,6,10,3,woody,0,0
cattle2_June_litter,cattle,cattle_2,2022,June,6,10,3,litter,227,61.18598383
cattle2_June_grass,cattle,cattle_2,2022,June,6,10,4,grass,50,32.05128205
cattle2_June_forb,cattle,cattle_2,2022,June,6,10,4,forb,0,0
cattle2_June_woody,cattle,cattle_2,2022,June,6,10,4,woody,0,0
cattle2_June_litter,cattle,cattle_2,2022,June,6,10,4,litter,106,67.94871795
cattle2_June_grass,cattle,cattle_2,2022,June,6,10,5,grass,58,42.96296296
cattle2_June_forb,cattle,cattle_2,2022,June,6,10,5,forb,9,6.666666667
cattle2_June_woody,cattle,cattle_2,2022,June,6,10,5,woody,0,0
cattle2_June_litter,cattle,cattle_2,2022,June,6,10,5,litter,68,50.37037037
cattle3_June_grass,cattle,cattle_3,2022,June,6,17,1,grass,11,8.870967742
cattle3_June_forb,cattle,cattle_3,2022,June,6,17,1,forb,70,56.4516129
cattle3_June_woody,cattle,cattle_3,2022,June,6,17,1,woody,0,0
cattle3_June_litter,cattle,cattle_3,2022,June,6,17,1,litter,43,34.67741935
cattle3_June_grass,cattle,cattle_3,2022,June,6,17,2,grass,12,14.45783133
cattle3_June_forb,cattle,cattle_3,2022,June,6,17,2,forb,45,54.21686747
cattle3_June_woody,cattle,cattle_3,2022,June,6,17,2,woody,0,0
cattle3_June_litter,cattle,cattle_3,2022,June,6,17,2,litter,26,31.3253012
cattle3_June_grass,cattle,cattle_3,2022,June,6,17,3,grass,61,39.86928105
cattle3_June_forb,cattle,cattle_3,2022,June,6,17,3,forb,5,3.267973856
cattle3_June_woody,cattle,cattle_3,2022,June,6,17,3,woody,0,0
cattle3_June_litter,cattle,cattle_3,2022,June,6,17,3,litter,87,56.8627451
cattle3_June_grass,cattle,cattle_3,2022,June,6,17,4,grass,7,9.210526316
cattle3_June_forb,cattle,cattle_3,2022,June,6,17,4,forb,38,50
cattle3_June_woody,cattle,cattle_3,2022,June,6,17,4,woody,3,3.947368421
cattle3_June_litter,cattle,cattle_3,2022,June,6,17,4,litter,28,36.84210526
cattle3_June_grass,cattle,cattle_3,2022,June,6,17,5,grass,11,26.82926829
cattle3_June_forb,cattle,cattle_3,2022,June,6,17,5,forb,24,58.53658537
cattle3_June_woody,cattle,cattle_3,2022,June,6,17,5,woody,0,0
cattle3_June_litter,cattle,cattle_3,2022,June,6,17,5,litter,6,14.63414634
trtpd1_June_grass,trtpd,trtpd_1,2022,June,6,16,1,grass,0,0
trtpd1_June_forb,trtpd,trtpd_1,2022,June,6,16,1,forb,38,100
trtpd1_June_woody,trtpd,trtpd_1,2022,June,6,16,1,woody,0,0
trtpd1_June_litter,trtpd,trtpd_1,2022,June,6,16,1,litter,0,0
trtpd1_June_grass,trtpd,trtpd_1,2022,June,6,16,2,grass,0,0
trtpd1_June_forb,trtpd,trtpd_1,2022,June,6,16,2,forb,43,99.88385598
trtpd1_June_woody,trtpd,trtpd_1,2022,June,6,16,2,woody,0,0
trtpd1_June_litter,trtpd,trtpd_1,2022,June,6,16,2,litter,0.05,0.116144019
trtpd1_June_grass,trtpd,trtpd_1,2022,June,6,16,3,grass,0,0
trtpd1_June_forb,trtpd,trtpd_1,2022,June,6,16,3,forb,52,62.65060241
trtpd1_June_woody,trtpd,trtpd_1,2022,June,6,16,3,woody,0,0
trtpd1_June_litter,trtpd,trtpd_1,2022,June,6,16,3,litter,31,37.34939759
trtpd1_June_grass,trtpd,trtpd_1,2022,June,6,16,4,grass,0,0
trtpd1_June_forb,trtpd,trtpd_1,2022,June,6,16,4,forb,56,27.18446602
trtpd1_June_woody,trtpd,trtpd_1,2022,June,6,16,4,woody,127,61.65048544
trtpd1_June_litter,trtpd,trtpd_1,2022,June,6,16,4,litter,23,11.16504854
trtpd1_June_grass,trtpd,trtpd_1,2022,June,6,16,5,grass,0,0
trtpd1_June_forb,trtpd,trtpd_1,2022,June,6,16,5,forb,7,99.57325747
trtpd1_June_woody,trtpd,trtpd_1,2022,June,6,16,5,woody,0,0
trtpd1_June_litter,trtpd,trtpd_1,2022,June,6,16,5,litter,0.03,0.426742532
trtpd2_June_grass,trtpd,trtpd_2,2022,June,6,9,1,grass,0.01,0.015382249
trtpd2_June_forb,trtpd,trtpd_2,2022,June,6,9,1,forb,65,99.98461775
trtpd2_June_woody,trtpd,trtpd_2,2022,June,6,9,1,woody,0,0
trtpd2_June_litter,trtpd,trtpd_2,2022,June,6,9,1,litter,0,0
trtpd2_June_grass,trtpd,trtpd_2,2022,June,6,9,2,grass,0,0
trtpd2_June_forb,trtpd,trtpd_2,2022,June,6,9,2,forb,132,100
trtpd2_June_woody,trtpd,trtpd_2,2022,June,6,9,2,woody,0,0
trtpd2_June_litter,trtpd,trtpd_2,2022,June,6,9,2,litter,0,0
trtpd2_June_grass,trtpd,trtpd_2,2022,June,6,9,3,grass,0,0
trtpd2_June_forb,trtpd,trtpd_2,2022,June,6,9,3,forb,128,91.42857143
trtpd2_June_woody,trtpd,trtpd_2,2022,June,6,9,3,woody,12,8.571428571
trtpd2_June_litter,trtpd,trtpd_2,2022,June,6,9,3,litter,0,0
trtpd2_June_grass,trtpd,trtpd_2,2022,June,6,9,4,grass,13,4.710144928
trtpd2_June_forb,trtpd,trtpd_2,2022,June,6,9,4,forb,35,12.68115942
trtpd2_June_woody,trtpd,trtpd_2,2022,June,6,9,4,woody,228,82.60869565
trtpd2_June_litter,trtpd,trtpd_2,2022,June,6,9,4,litter,0,0
trtpd2_June_grass,trtpd,trtpd_2,2022,June,6,9,5,grass,0,0
trtpd2_June_forb,trtpd,trtpd_2,2022,June,6,9,5,forb,45,91.83673469
trtpd2_June_woody,trtpd,trtpd_2,2022,June,6,9,5,woody,0,0
trtpd2_June_litter,trtpd,trtpd_2,2022,June,6,9,5,litter,4,8.163265306
trtpd3_June_grass,trtpd,trtpd_3,2022,June,6,16,1,grass,0,0
trtpd3_June_forb,trtpd,trtpd_3,2022,June,6,16,1,forb,43,45.74468085
trtpd3_June_woody,trtpd,trtpd_3,2022,June,6,16,1,woody,0,0
trtpd3_June_litter,trtpd,trtpd_3,2022,June,6,16,1,litter,51,54.25531915
trtpd3_June_grass,trtpd,trtpd_3,2022,June,6,16,2,grass,0,0
trtpd3_June_forb,trtpd,trtpd_3,2022,June,6,16,2,forb,18,48.64864865
trtpd3_June_woody,trtpd,trtpd_3,2022,June,6,16,2,woody,0,0
trtpd3_June_litter,trtpd,trtpd_3,2022,June,6,16,2,litter,19,51.35135135
trtpd3_June_grass,trtpd,trtpd_3,2022,June,6,16,3,grass,0,0
trtpd3_June_forb,trtpd,trtpd_3,2022,June,6,16,3,forb,34,91.89189189
trtpd3_June_woody,trtpd,trtpd_3,2022,June,6,16,3,woody,0,0
trtpd3_June_litter,trtpd,trtpd_3,2022,June,6,16,3,litter,3,8.108108108
trtpd3_June_grass,trtpd,trtpd_3,2022,June,6,16,4,grass,0,0
trtpd3_June_forb,trtpd,trtpd_3,2022,June,6,16,4,forb,0.2,1.785714286
trtpd3_June_woody,trtpd,trtpd_3,2022,June,6,16,4,woody,0,0
trtpd3_June_litter,trtpd,trtpd_3,2022,June,6,16,4,litter,11,98.21428571
trtpd3_June_grass,trtpd,trtpd_3,2022,June,6,16,5,grass,0,0
trtpd3_June_forb,trtpd,trtpd_3,2022,June,6,16,5,forb,13,61.9047619
trtpd3_June_woody,trtpd,trtpd_3,2022,June,6,16,5,woody,0,0
trtpd3_June_litter,trtpd,trtpd_3,2022,June,6,16,5,litter,8,38.0952381
untrtpd1_June_grass,untrtpd,untrtpd_1,2022,June,6,10,1,grass,101,25.25
untrtpd1_June_forb,untrtpd,untrtpd_1,2022,June,6,10,1,forb,0,0
untrtpd1_June_woody,untrtpd,untrtpd_1,2022,June,6,10,1,woody,0,0
untrtpd1_June_litter,untrtpd,untrtpd_1,2022,June,6,10,1,litter,299,74.75
untrtpd1_June_grass,untrtpd,untrtpd_1,2022,June,6,10,2,grass,53,45.68965517
untrtpd1_June_forb,untrtpd,untrtpd_1,2022,June,6,10,2,forb,11,9.482758621
untrtpd1_June_woody,untrtpd,untrtpd_1,2022,June,6,10,2,woody,0,0
untrtpd1_June_litter,untrtpd,untrtpd_1,2022,June,6,10,2,litter,52,44.82758621
untrtpd1_June_grass,untrtpd,untrtpd_1,2022,June,6,10,3,grass,33,47.82608696
untrtpd1_June_forb,untrtpd,untrtpd_1,2022,June,6,10,3,forb,22,31.88405797
untrtpd1_June_woody,untrtpd,untrtpd_1,2022,June,6,10,3,woody,0,0
untrtpd1_June_litter,untrtpd,untrtpd_1,2022,June,6,10,3,litter,14,20.28985507
untrtpd1_June_grass,untrtpd,untrtpd_1,2022,June,6,10,4,grass,29,10.43165468
untrtpd1_June_forb,untrtpd,untrtpd_1,2022,June,6,10,4,forb,0,0
untrtpd1_June_woody,untrtpd,untrtpd_1,2022,June,6,10,4,woody,0,0
untrtpd1_June_litter,untrtpd,untrtpd_1,2022,June,6,10,4,litter,249,89.56834532
untrtpd1_June_grass,untrtpd,untrtpd_1,2022,June,6,10,5,grass,71,27.51937984
untrtpd1_June_forb,untrtpd,untrtpd_1,2022,June,6,10,5,forb,0,0
untrtpd1_June_woody,untrtpd,untrtpd_1,2022,June,6,10,5,woody,0,0
untrtpd1_June_litter,untrtpd,untrtpd_1,2022,June,6,10,5,litter,187,72.48062016
untrtpd2_June_grass,untrtpd,untrtpd_2,2022,June,6,14,1,grass,6,17.14285714
untrtpd2_June_forb,untrtpd,untrtpd_2,2022,June,6,14,1,forb,20,57.14285714
untrtpd2_June_woody,untrtpd,untrtpd_2,2022,June,6,14,1,woody,9,25.71428571
untrtpd2_June_litter,untrtpd,untrtpd_2,2022,June,6,14,1,litter,0,0
untrtpd2_June_grass,untrtpd,untrtpd_2,2022,June,6,14,2,grass,4,7.547169811
untrtpd2_June_forb,untrtpd,untrtpd_2,2022,June,6,14,2,forb,47,88.67924528
untrtpd2_June_woody,untrtpd,untrtpd_2,2022,June,6,14,2,woody,0,0
untrtpd2_June_litter,untrtpd,untrtpd_2,2022,June,6,14,2,litter,2,3.773584906
untrtpd2_June_grass,untrtpd,untrtpd_2,2022,June,6,14,3,grass,6,8.822232025
untrtpd2_June_forb,untrtpd,untrtpd_2,2022,June,6,14,3,forb,62,91.16306426
untrtpd2_June_woody,untrtpd,untrtpd_2,2022,June,6,14,3,woody,0,0
untrtpd2_June_litter,untrtpd,untrtpd_2,2022,June,6,14,3,litter,0.01,0.01470372
untrtpd2_June_grass,untrtpd,untrtpd_2,2022,June,6,14,4,grass,8,42.10526316
untrtpd2_June_forb,untrtpd,untrtpd_2,2022,June,6,14,4,forb,11,57.89473684
untrtpd2_June_woody,untrtpd,untrtpd_2,2022,June,6,14,4,woody,0,0
untrtpd2_June_litter,untrtpd,untrtpd_2,2022,June,6,14,4,litter,0,0
untrtpd2_June_grass,untrtpd,untrtpd_2,2022,June,6,14,5,grass,5,2.242152466
untrtpd2_June_forb,untrtpd,untrtpd_2,2022,June,6,14,5,forb,17,7.623318386
untrtpd2_June_woody,untrtpd,untrtpd_2,2022,June,6,14,5,woody,106,47.53363229
untrtpd2_June_litter,untrtpd,untrtpd_2,2022,June,6,14,5,litter,95,42.60089686
untrtpd3_June_grass,untrtpd,untrtpd_3,2022,June,6,14,1,grass,24,64
untrtpd3_June_forb,untrtpd,untrtpd_3,2022,June,6,14,1,forb,0,0
untrtpd3_June_woody,untrtpd,untrtpd_3,2022,June,6,14,1,woody,0.5,1.333333333
untrtpd3_June_litter,untrtpd,untrtpd_3,2022,June,6,14,1,litter,13,34.66666667
untrtpd3_June_grass,untrtpd,untrtpd_3,2022,June,6,14,2,grass,21,45.16129032
untrtpd3_June_forb,untrtpd,untrtpd_3,2022,June,6,14,2,forb,0.5,1.075268817
untrtpd3_June_woody,untrtpd,untrtpd_3,2022,June,6,14,2,woody,0,0
untrtpd3_June_litter,untrtpd,untrtpd_3,2022,June,6,14,2,litter,25,53.76344086
untrtpd3_June_grass,untrtpd,untrtpd_3,2022,June,6,14,3,grass,37,19.07216495
untrtpd3_June_forb,untrtpd,untrtpd_3,2022,June,6,14,3,forb,13,6.701030928
untrtpd3_June_woody,untrtpd,untrtpd_3,2022,June,6,14,3,woody,26,13.40206186
untrtpd3_June_litter,untrtpd,untrtpd_3,2022,June,6,14,3,litter,118,60.82474227
untrtpd3_June_grass,untrtpd,untrtpd_3,2022,June,6,14,4,grass,28,40
untrtpd3_June_forb,untrtpd,untrtpd_3,2022,June,6,14,4,forb,13,18.57142857
untrtpd3_June_woody,untrtpd,untrtpd_3,2022,June,6,14,4,woody,9,12.85714286
untrtpd3_June_litter,untrtpd,untrtpd_3,2022,June,6,14,4,litter,20,28.57142857
untrtpd3_June_grass,untrtpd,untrtpd_3,2022,June,6,14,5,grass,15,16.12903226
untrtpd3_June_forb,untrtpd,untrtpd_3,2022,June,6,14,5,forb,41,44.08602151
untrtpd3_June_woody,untrtpd,untrtpd_3,2022,June,6,14,5,woody,0,0
untrtpd3_June_litter,untrtpd,untrtpd_3,2022,June,6,14,5,litter,37,39.78494624
bison1_July_grass,bison,bison_1,2022,July,7,4,1,grass,124,55.33244087
bison1_July_forb,bison,bison_1,2022,July,7,4,1,forb,0.1,0.044622936
bison1_July_woody,bison,bison_1,2022,July,7,4,1,woody,0,0
bison1_July_litter,bison,bison_1,2022,July,7,4,1,litter,100,44.62293619
bison1_July_grass,bison,bison_1,2022,July,7,4,2,grass,49,31.41025641
bison1_July_forb,bison,bison_1,2022,July,7,4,2,forb,57,36.53846154
bison1_July_woody,bison,bison_1,2022,July,7,4,2,woody,0,0
bison1_July_litter,bison,bison_1,2022,July,7,4,2,litter,50,32.05128205
bison1_July_grass,bison,bison_1,2022,July,7,4,3,grass,100,59.17159763
bison1_July_forb,bison,bison_1,2022,July,7,4,3,forb,13,7.692307692
bison1_July_woody,bison,bison_1,2022,July,7,4,3,woody,17,10.0591716
bison1_July_litter,bison,bison_1,2022,July,7,4,3,litter,39,23.07692308
bison1_July_grass,bison,bison_1,2022,July,7,4,4,grass,382,88.01843318
bison1_July_forb,bison,bison_1,2022,July,7,4,4,forb,28,6.451612903
bison1_July_woody,bison,bison_1,2022,July,7,4,4,woody,0,0
bison1_July_litter,bison,bison_1,2022,July,7,4,4,litter,24,5.529953917
bison1_July_grass,bison,bison_1,2022,July,7,4,5,grass,72,12.53263708
bison1_July_forb,bison,bison_1,2022,July,7,4,5,forb,0.5,0.087032202
bison1_July_woody,bison,bison_1,2022,July,7,4,5,woody,232,40.38294169
bison1_July_litter,bison,bison_1,2022,July,7,4,5,litter,270,46.99738903
bison2_July_grass,bison,bison_2,2022,July,7,8,1,grass,135,84.90566038
bison2_July_forb,bison,bison_2,2022,July,7,8,1,forb,0,0
bison2_July_woody,bison,bison_2,2022,July,7,8,1,woody,0,0
bison2_July_litter,bison,bison_2,2022,July,7,8,1,litter,24,15.09433962
bison2_July_grass,bison,bison_2,2022,July,7,8,2,grass,156,75.72815534
bison2_July_forb,bison,bison_2,2022,July,7,8,2,forb,0,0
bison2_July_woody,bison,bison_2,2022,July,7,8,2,woody,0,0
bison2_July_litter,bison,bison_2,2022,July,7,8,2,litter,50,24.27184466
bison2_July_grass,bison,bison_2,2022,July,7,8,3,grass,112,88.8183981
bison2_July_forb,bison,bison_2,2022,July,7,8,3,forb,0.1,0.079302141
bison2_July_woody,bison,bison_2,2022,July,7,8,3,woody,0,0
bison2_July_litter,bison,bison_2,2022,July,7,8,3,litter,14,11.10229976
bison2_July_grass,bison,bison_2,2022,July,7,8,4,grass,140,79.86309184
bison2_July_forb,bison,bison_2,2022,July,7,8,4,forb,0.3,0.171135197
bison2_July_woody,bison,bison_2,2022,July,7,8,4,woody,0,0
bison2_July_litter,bison,bison_2,2022,July,7,8,4,litter,35,19.96577296
bison2_July_grass,bison,bison_2,2022,July,7,8,5,grass,99,25.25510204
bison2_July_forb,bison,bison_2,2022,July,7,8,5,forb,0,0
bison2_July_woody,bison,bison_2,2022,July,7,8,5,woody,0,0
bison2_July_litter,bison,bison_2,2022,July,7,8,5,litter,293,74.74489796
bison3_July_grass,bison,bison_3,2022,July,7,5,1,grass,93,35.83815029
bison3_July_forb,bison,bison_3,2022,July,7,5,1,forb,0.5,0.192678227
bison3_July_woody,bison,bison_3,2022,July,7,5,1,woody,0,0
bison3_July_litter,bison,bison_3,2022,July,7,5,1,litter,166,63.96917148
bison3_July_grass,bison,bison_3,2022,July,7,5,2,grass,156,35.65714286
bison3_July_forb,bison,bison_3,2022,July,7,5,2,forb,0.5,0.114285714
bison3_July_woody,bison,bison_3,2022,July,7,5,2,woody,0,0
bison3_July_litter,bison,bison_3,2022,July,7,5,2,litter,281,64.22857143
bison3_July_grass,bison,bison_3,2022,July,7,5,3,grass,58,24.78632479
bison3_July_forb,bison,bison_3,2022,July,7,5,3,forb,4,1.709401709
bison3_July_woody,bison,bison_3,2022,July,7,5,3,woody,0,0
bison3_July_litter,bison,bison_3,2022,July,7,5,3,litter,172,73.5042735
bison3_July_grass,bison,bison_3,2022,July,7,5,4,grass,95,38.0761523
bison3_July_forb,bison,bison_3,2022,July,7,5,4,forb,0.5,0.200400802
bison3_July_woody,bison,bison_3,2022,July,7,5,4,woody,0,0
bison3_July_litter,bison,bison_3,2022,July,7,5,4,litter,154,61.72344689
bison3_July_grass,bison,bison_3,2022,July,7,5,5,grass,101,70.87719298
bison3_July_forb,bison,bison_3,2022,July,7,5,5,forb,0.5,0.350877193
bison3_July_woody,bison,bison_3,2022,July,7,5,5,woody,0,0
bison3_July_litter,bison,bison_3,2022,July,7,5,5,litter,41,28.77192982
ungrazed1_July_grass,ungrazed,ungrazed_1,2022,July,7,4,1,grass,124,25
ungrazed1_July_forb,ungrazed,ungrazed_1,2022,July,7,4,1,forb,8,1.612903226
ungrazed1_July_woody,ungrazed,ungrazed_1,2022,July,7,4,1,woody,0,0
ungrazed1_July_litter,ungrazed,ungrazed_1,2022,July,7,4,1,litter,364,73.38709677
ungrazed1_July_grass,ungrazed,ungrazed_1,2022,July,7,4,2,grass,75,20.94972067
ungrazed1_July_forb,ungrazed,ungrazed_1,2022,July,7,4,2,forb,34,9.497206704
ungrazed1_July_woody,ungrazed,ungrazed_1,2022,July,7,4,2,woody,0,0
ungrazed1_July_litter,ungrazed,ungrazed_1,2022,July,7,4,2,litter,249,69.55307263
ungrazed1_July_grass,ungrazed,ungrazed_1,2022,July,7,4,3,grass,101,20.07952286
ungrazed1_July_forb,ungrazed,ungrazed_1,2022,July,7,4,3,forb,31,6.163021869
ungrazed1_July_woody,ungrazed,ungrazed_1,2022,July,7,4,3,woody,0,0
ungrazed1_July_litter,ungrazed,ungrazed_1,2022,July,7,4,3,litter,371,73.75745527
ungrazed1_July_grass,ungrazed,ungrazed_1,2022,July,7,4,4,grass,113,17.35791091
ungrazed1_July_forb,ungrazed,ungrazed_1,2022,July,7,4,4,forb,7,1.075268817
ungrazed1_July_woody,ungrazed,ungrazed_1,2022,July,7,4,4,woody,0,0
ungrazed1_July_litter,ungrazed,ungrazed_1,2022,July,7,4,4,litter,531,81.56682028
ungrazed1_July_grass,ungrazed,ungrazed_1,2022,July,7,4,5,grass,47,47.71573604
ungrazed1_July_forb,ungrazed,ungrazed_1,2022,July,7,4,5,forb,0.5,0.507614213
ungrazed1_July_woody,ungrazed,ungrazed_1,2022,July,7,4,5,woody,0,0
ungrazed1_July_litter,ungrazed,ungrazed_1,2022,July,7,4,5,litter,51,51.77664975
ungrazed2_July_grass,ungrazed,ungrazed_2,2022,July,7,12,1,grass,195,24.28393524
ungrazed2_July_forb,ungrazed,ungrazed_2,2022,July,7,12,1,forb,20,2.490660025
ungrazed2_July_woody,ungrazed,ungrazed_2,2022,July,7,12,1,woody,195,24.28393524
ungrazed2_July_litter,ungrazed,ungrazed_2,2022,July,7,12,1,litter,393,48.94146949
ungrazed2_July_grass,ungrazed,ungrazed_2,2022,July,7,12,2,grass,87,26.93498452
ungrazed2_July_forb,ungrazed,ungrazed_2,2022,July,7,12,2,forb,59,18.26625387
ungrazed2_July_woody,ungrazed,ungrazed_2,2022,July,7,12,2,woody,0,0
ungrazed2_July_litter,ungrazed,ungrazed_2,2022,July,7,12,2,litter,177,54.79876161
ungrazed2_July_grass,ungrazed,ungrazed_2,2022,July,7,12,3,grass,5,18.51851852
ungrazed2_July_forb,ungrazed,ungrazed_2,2022,July,7,12,3,forb,4,14.81481481
ungrazed2_July_woody,ungrazed,ungrazed_2,2022,July,7,12,3,woody,0,0
ungrazed2_July_litter,ungrazed,ungrazed_2,2022,July,7,12,3,litter,18,66.66666667
ungrazed2_July_grass,ungrazed,ungrazed_2,2022,July,7,12,4,grass,129,25.44378698
ungrazed2_July_forb,ungrazed,ungrazed_2,2022,July,7,12,4,forb,89,17.55424063
ungrazed2_July_woody,ungrazed,ungrazed_2,2022,July,7,12,4,woody,0,0
ungrazed2_July_litter,ungrazed,ungrazed_2,2022,July,7,12,4,litter,289,57.00197239
ungrazed2_July_grass,ungrazed,ungrazed_2,2022,July,7,12,5,grass,20,18.69158879
ungrazed2_July_forb,ungrazed,ungrazed_2,2022,July,7,12,5,forb,24,22.42990654
ungrazed2_July_woody,ungrazed,ungrazed_2,2022,July,7,12,5,woody,0,0
ungrazed2_July_litter,ungrazed,ungrazed_2,2022,July,7,12,5,litter,63,58.87850467
ungrazed3_July_grass,ungrazed,ungrazed_3,2022,July,7,11,1,grass,30,24.19354839
ungrazed3_July_forb,ungrazed,ungrazed_3,2022,July,7,11,1,forb,3,2.419354839
ungrazed3_July_woody,ungrazed,ungrazed_3,2022,July,7,11,1,woody,0,0
ungrazed3_July_litter,ungrazed,ungrazed_3,2022,July,7,11,1,litter,91,73.38709677
ungrazed3_July_grass,ungrazed,ungrazed_3,2022,July,7,11,2,grass,119,50.96359743
ungrazed3_July_forb,ungrazed,ungrazed_3,2022,July,7,11,2,forb,0.5,0.214132762
ungrazed3_July_woody,ungrazed,ungrazed_3,2022,July,7,11,2,woody,0,0
ungrazed3_July_litter,ungrazed,ungrazed_3,2022,July,7,11,2,litter,114,48.82226981
ungrazed3_July_grass,ungrazed,ungrazed_3,2022,July,7,11,3,grass,15,22.05882353
ungrazed3_July_forb,ungrazed,ungrazed_3,2022,July,7,11,3,forb,0,0
ungrazed3_July_woody,ungrazed,ungrazed_3,2022,July,7,11,3,woody,0,0
ungrazed3_July_litter,ungrazed,ungrazed_3,2022,July,7,11,3,litter,53,77.94117647
ungrazed3_July_grass,ungrazed,ungrazed_3,2022,July,7,11,4,grass,65,22.56944444
ungrazed3_July_forb,ungrazed,ungrazed_3,2022,July,7,11,4,forb,3,1.041666667
ungrazed3_July_woody,ungrazed,ungrazed_3,2022,July,7,11,4,woody,0,0
ungrazed3_July_litter,ungrazed,ungrazed_3,2022,July,7,11,4,litter,220,76.38888889
ungrazed3_July_grass,ungrazed,ungrazed_3,2022,July,7,11,5,grass,50,45.04504505
ungrazed3_July_forb,ungrazed,ungrazed_3,2022,July,7,11,5,forb,0,0
ungrazed3_July_woody,ungrazed,ungrazed_3,2022,July,7,11,5,woody,0,0
ungrazed3_July_litter,ungrazed,ungrazed_3,2022,July,7,11,5,litter,61,54.95495495
cattle1_July_grass,cattle,cattle_1,2022,July,7,12,1,grass,31,37.80487805
cattle1_July_forb,cattle,cattle_1,2022,July,7,12,1,forb,33,40.24390244
cattle1_July_woody,cattle,cattle_1,2022,July,7,12,1,woody,9,10.97560976
cattle1_July_litter,cattle,cattle_1,2022,July,7,12,1,litter,9,10.97560976
cattle1_July_grass,cattle,cattle_1,2022,July,7,12,2,grass,70,18.91891892
cattle1_July_forb,cattle,cattle_1,2022,July,7,12,2,forb,79,21.35135135
cattle1_July_woody,cattle,cattle_1,2022,July,7,12,2,woody,0,0
cattle1_July_litter,cattle,cattle_1,2022,July,7,12,2,litter,221,59.72972973
cattle1_July_grass,cattle,cattle_1,2022,July,7,12,3,grass,44,26.03550296
cattle1_July_forb,cattle,cattle_1,2022,July,7,12,3,forb,43,25.44378698
cattle1_July_woody,cattle,cattle_1,2022,July,7,12,3,woody,30,17.75147929
cattle1_July_litter,cattle,cattle_1,2022,July,7,12,3,litter,52,30.76923077
cattle1_July_grass,cattle,cattle_1,2022,July,7,12,4,grass,39,54.92957746
cattle1_July_forb,cattle,cattle_1,2022,July,7,12,4,forb,13,18.30985915
cattle1_July_woody,cattle,cattle_1,2022,July,7,12,4,woody,9,12.67605634
cattle1_July_litter,cattle,cattle_1,2022,July,7,12,4,litter,10,14.08450704
cattle1_July_grass,cattle,cattle_1,2022,July,7,12,5,grass,22,39.28571429
cattle1_July_forb,cattle,cattle_1,2022,July,7,12,5,forb,7,12.5
cattle1_July_woody,cattle,cattle_1,2022,July,7,12,5,woody,9,16.07142857
cattle1_July_litter,cattle,cattle_1,2022,July,7,12,5,litter,18,32.14285714
cattle2_July_grass,cattle,cattle_2,2022,July,7,6,1,grass,22,24.71910112
cattle2_July_forb,cattle,cattle_2,2022,July,7,6,1,forb,40,44.94382022
cattle2_July_woody,cattle,cattle_2,2022,July,7,6,1,woody,0,0
cattle2_July_litter,cattle,cattle_2,2022,July,7,6,1,litter,27,30.33707865
cattle2_July_grass,cattle,cattle_2,2022,July,7,6,2,grass,44,35.2
cattle2_July_forb,cattle,cattle_2,2022,July,7,6,2,forb,24,19.2
cattle2_July_woody,cattle,cattle_2,2022,July,7,6,2,woody,0,0
cattle2_July_litter,cattle,cattle_2,2022,July,7,6,2,litter,57,45.6
cattle2_July_grass,cattle,cattle_2,2022,July,7,6,3,grass,85,27.33118971
cattle2_July_forb,cattle,cattle_2,2022,July,7,6,3,forb,85,27.33118971
cattle2_July_woody,cattle,cattle_2,2022,July,7,6,3,woody,0,0
cattle2_July_litter,cattle,cattle_2,2022,July,7,6,3,litter,141,45.33762058
cattle2_July_grass,cattle,cattle_2,2022,July,7,6,4,grass,113,52.80373832
cattle2_July_forb,cattle,cattle_2,2022,July,7,6,4,forb,0,0
cattle2_July_woody,cattle,cattle_2,2022,July,7,6,4,woody,0,0
cattle2_July_litter,cattle,cattle_2,2022,July,7,6,4,litter,101,47.19626168
cattle2_July_grass,cattle,cattle_2,2022,July,7,6,5,grass,49,47.80487805
cattle2_July_forb,cattle,cattle_2,2022,July,7,6,5,forb,0.5,0.487804878
cattle2_July_woody,cattle,cattle_2,2022,July,7,6,5,woody,0,0
cattle2_July_litter,cattle,cattle_2,2022,July,7,6,5,litter,53,51.70731707
cattle3_July_grass,cattle,cattle_3,2022,July,7,5,1,grass,23,27.71084337
cattle3_July_forb,cattle,cattle_3,2022,July,7,5,1,forb,5,6.024096386
cattle3_July_woody,cattle,cattle_3,2022,July,7,5,1,woody,0,0
cattle3_July_litter,cattle,cattle_3,2022,July,7,5,1,litter,55,66.26506024
cattle3_July_grass,cattle,cattle_3,2022,July,7,5,2,grass,25,65.78947368
cattle3_July_forb,cattle,cattle_3,2022,July,7,5,2,forb,10,26.31578947
cattle3_July_woody,cattle,cattle_3,2022,July,7,5,2,woody,0,0
cattle3_July_litter,cattle,cattle_3,2022,July,7,5,2,litter,3,7.894736842
cattle3_July_grass,cattle,cattle_3,2022,July,7,5,3,grass,8,12.5
cattle3_July_forb,cattle,cattle_3,2022,July,7,5,3,forb,25,39.0625
cattle3_July_woody,cattle,cattle_3,2022,July,7,5,3,woody,0,0
cattle3_July_litter,cattle,cattle_3,2022,July,7,5,3,litter,31,48.4375
cattle3_July_grass,cattle,cattle_3,2022,July,7,5,4,grass,23,51.11111111
cattle3_July_forb,cattle,cattle_3,2022,July,7,5,4,forb,0,0
cattle3_July_woody,cattle,cattle_3,2022,July,7,5,4,woody,0,0
cattle3_July_litter,cattle,cattle_3,2022,July,7,5,4,litter,22,48.88888889
cattle3_July_grass,cattle,cattle_3,2022,July,7,5,5,grass,10,12.19512195
cattle3_July_forb,cattle,cattle_3,2022,July,7,5,5,forb,56,68.29268293
cattle3_July_woody,cattle,cattle_3,2022,July,7,5,5,woody,0,0
cattle3_July_litter,cattle,cattle_3,2022,July,7,5,5,litter,16,19.51219512
trtpd1_July_grass,trtpd,trtpd_1,2022,July,7,6,1,grass,0,0
trtpd1_July_forb,trtpd,trtpd_1,2022,July,7,6,1,forb,180,85.71428571
trtpd1_July_woody,trtpd,trtpd_1,2022,July,7,6,1,woody,0,0
trtpd1_July_litter,trtpd,trtpd_1,2022,July,7,6,1,litter,30,14.28571429
trtpd1_July_grass,trtpd,trtpd_1,2022,July,7,6,2,grass,0,0
trtpd1_July_forb,trtpd,trtpd_1,2022,July,7,6,2,forb,28,50
trtpd1_July_woody,trtpd,trtpd_1,2022,July,7,6,2,woody,0,0
trtpd1_July_litter,trtpd,trtpd_1,2022,July,7,6,2,litter,28,50
trtpd1_July_grass,trtpd,trtpd_1,2022,July,7,6,3,grass,0,0
trtpd1_July_forb,trtpd,trtpd_1,2022,July,7,6,3,forb,63,56.75675676
trtpd1_July_woody,trtpd,trtpd_1,2022,July,7,6,3,woody,0,0
trtpd1_July_litter,trtpd,trtpd_1,2022,July,7,6,3,litter,48,43.24324324
trtpd1_July_grass,trtpd,trtpd_1,2022,July,7,6,4,grass,0.1,0.432900433
trtpd1_July_forb,trtpd,trtpd_1,2022,July,7,6,4,forb,19,82.25108225
trtpd1_July_woody,trtpd,trtpd_1,2022,July,7,6,4,woody,0,0
trtpd1_July_litter,trtpd,trtpd_1,2022,July,7,6,4,litter,4,17.31601732
trtpd1_July_grass,trtpd,trtpd_1,2022,July,7,6,5,grass,0,0
trtpd1_July_forb,trtpd,trtpd_1,2022,July,7,6,5,forb,32,82.05128205
trtpd1_July_woody,trtpd,trtpd_1,2022,July,7,6,5,woody,0,0
trtpd1_July_litter,trtpd,trtpd_1,2022,July,7,6,5,litter,7,17.94871795
trtpd2_July_grass,trtpd,trtpd_2,2022,July,7,4,1,grass,0,0
trtpd2_July_forb,trtpd,trtpd_2,2022,July,7,4,1,forb,137,88.38709677
trtpd2_July_woody,trtpd,trtpd_2,2022,July,7,4,1,woody,0,0
trtpd2_July_litter,trtpd,trtpd_2,2022,July,7,4,1,litter,18,11.61290323
trtpd2_July_grass,trtpd,trtpd_2,2022,July,7,4,2,grass,0,0
trtpd2_July_forb,trtpd,trtpd_2,2022,July,7,4,2,forb,81,49.09090909
trtpd2_July_woody,trtpd,trtpd_2,2022,July,7,4,2,woody,0,0
trtpd2_July_litter,trtpd,trtpd_2,2022,July,7,4,2,litter,84,50.90909091
trtpd2_July_grass,trtpd,trtpd_2,2022,July,7,4,3,grass,0,0
trtpd2_July_forb,trtpd,trtpd_2,2022,July,7,4,3,forb,125,79.11392405
trtpd2_July_woody,trtpd,trtpd_2,2022,July,7,4,3,woody,0,0
trtpd2_July_litter,trtpd,trtpd_2,2022,July,7,4,3,litter,33,20.88607595
trtpd2_July_grass,trtpd,trtpd_2,2022,July,7,4,4,grass,0,0
trtpd2_July_forb,trtpd,trtpd_2,2022,July,7,4,4,forb,2,11.11111111
trtpd2_July_woody,trtpd,trtpd_2,2022,July,7,4,4,woody,0,0
trtpd2_July_litter,trtpd,trtpd_2,2022,July,7,4,4,litter,16,88.88888889
trtpd2_July_grass,trtpd,trtpd_2,2022,July,7,4,5,grass,5,0.738552437
trtpd2_July_forb,trtpd,trtpd_2,2022,July,7,4,5,forb,4,0.59084195
trtpd2_July_woody,trtpd,trtpd_2,2022,July,7,4,5,woody,423,62.48153619
trtpd2_July_litter,trtpd,trtpd_2,2022,July,7,4,5,litter,245,36.18906942
trtpd3_July_grass,trtpd,trtpd_3,2022,July,7,7,1,grass,0,0
trtpd3_July_forb,trtpd,trtpd_3,2022,July,7,7,1,forb,38,84.44444444
trtpd3_July_woody,trtpd,trtpd_3,2022,July,7,7,1,woody,0,0
trtpd3_July_litter,trtpd,trtpd_3,2022,July,7,7,1,litter,7,15.55555556
trtpd3_July_grass,trtpd,trtpd_3,2022,July,7,7,2,grass,0,0
trtpd3_July_forb,trtpd,trtpd_3,2022,July,7,7,2,forb,72,48.32214765
trtpd3_July_woody,trtpd,trtpd_3,2022,July,7,7,2,woody,0,0
trtpd3_July_litter,trtpd,trtpd_3,2022,July,7,7,2,litter,77,51.67785235
trtpd3_July_grass,trtpd,trtpd_3,2022,July,7,7,3,grass,0,0
trtpd3_July_forb,trtpd,trtpd_3,2022,July,7,7,3,forb,0,0
trtpd3_July_woody,trtpd,trtpd_3,2022,July,7,7,3,woody,0,0
trtpd3_July_litter,trtpd,trtpd_3,2022,July,7,7,3,litter,11,100
trtpd3_July_grass,trtpd,trtpd_3,2022,July,7,7,4,grass,0,0
trtpd3_July_forb,trtpd,trtpd_3,2022,July,7,7,4,forb,7,100
trtpd3_July_woody,trtpd,trtpd_3,2022,July,7,7,4,woody,0,0
trtpd3_July_litter,trtpd,trtpd_3,2022,July,7,7,4,litter,0,0
trtpd3_July_grass,trtpd,trtpd_3,2022,July,7,7,5,grass,0,0
trtpd3_July_forb,trtpd,trtpd_3,2022,July,7,7,5,forb,5,94.33962264
trtpd3_July_woody,trtpd,trtpd_3,2022,July,7,7,5,woody,0,0
trtpd3_July_litter,trtpd,trtpd_3,2022,July,7,7,5,litter,0.3,5.660377358
untrtpd1_July_grass,untrtpd,untrtpd_1,2022,July,7,8,1,grass,150,87.20930233
untrtpd1_July_forb,untrtpd,untrtpd_1,2022,July,7,8,1,forb,0,0
untrtpd1_July_woody,untrtpd,untrtpd_1,2022,July,7,8,1,woody,0,0
untrtpd1_July_litter,untrtpd,untrtpd_1,2022,July,7,8,1,litter,22,12.79069767
untrtpd1_July_grass,untrtpd,untrtpd_1,2022,July,7,8,2,grass,3,7.5
untrtpd1_July_forb,untrtpd,untrtpd_1,2022,July,7,8,2,forb,14,35
untrtpd1_July_woody,untrtpd,untrtpd_1,2022,July,7,8,2,woody,0,0
untrtpd1_July_litter,untrtpd,untrtpd_1,2022,July,7,8,2,litter,23,57.5
untrtpd1_July_grass,untrtpd,untrtpd_1,2022,July,7,8,3,grass,74,88.0952381
untrtpd1_July_forb,untrtpd,untrtpd_1,2022,July,7,8,3,forb,0,0
untrtpd1_July_woody,untrtpd,untrtpd_1,2022,July,7,8,3,woody,0,0
untrtpd1_July_litter,untrtpd,untrtpd_1,2022,July,7,8,3,litter,10,11.9047619
untrtpd1_July_grass,untrtpd,untrtpd_1,2022,July,7,8,4,grass,105,84
untrtpd1_July_forb,untrtpd,untrtpd_1,2022,July,7,8,4,forb,7,5.6
untrtpd1_July_woody,untrtpd,untrtpd_1,2022,July,7,8,4,woody,0,0
untrtpd1_July_litter,untrtpd,untrtpd_1,2022,July,7,8,4,litter,13,10.4
untrtpd1_July_grass,untrtpd,untrtpd_1,2022,July,7,8,5,grass,39,37.86407767
untrtpd1_July_forb,untrtpd,untrtpd_1,2022,July,7,8,5,forb,20,19.41747573
untrtpd1_July_woody,untrtpd,untrtpd_1,2022,July,7,8,5,woody,0,0
untrtpd1_July_litter,untrtpd,untrtpd_1,2022,July,7,8,5,litter,44,42.7184466
untrtpd2_July_grass,untrtpd,untrtpd_2,2022,July,7,6,1,grass,14,8.777429467
untrtpd2_July_forb,untrtpd,untrtpd_2,2022,July,7,6,1,forb,145,90.90909091
untrtpd2_July_woody,untrtpd,untrtpd_2,2022,July,7,6,1,woody,0,0
untrtpd2_July_litter,untrtpd,untrtpd_2,2022,July,7,6,1,litter,0.5,0.313479624
untrtpd2_July_grass,untrtpd,untrtpd_2,2022,July,7,6,2,grass,14,18.30065359
untrtpd2_July_forb,untrtpd,untrtpd_2,2022,July,7,6,2,forb,54,70.58823529
untrtpd2_July_woody,untrtpd,untrtpd_2,2022,July,7,6,2,woody,8,10.45751634
untrtpd2_July_litter,untrtpd,untrtpd_2,2022,July,7,6,2,litter,0.5,0.653594771
untrtpd2_July_grass,untrtpd,untrtpd_2,2022,July,7,6,3,grass,35,39.3258427
untrtpd2_July_forb,untrtpd,untrtpd_2,2022,July,7,6,3,forb,49,55.05617978
untrtpd2_July_woody,untrtpd,untrtpd_2,2022,July,7,6,3,woody,0,0
untrtpd2_July_litter,untrtpd,untrtpd_2,2022,July,7,6,3,litter,5,5.617977528
untrtpd2_July_grass,untrtpd,untrtpd_2,2022,July,7,6,4,grass,0.5,4.347826087
untrtpd2_July_forb,untrtpd,untrtpd_2,2022,July,7,6,4,forb,4,34.7826087
untrtpd2_July_woody,untrtpd,untrtpd_2,2022,July,7,6,4,woody,0,0
untrtpd2_July_litter,untrtpd,untrtpd_2,2022,July,7,6,4,litter,7,60.86956522
untrtpd2_July_grass,untrtpd,untrtpd_2,2022,July,7,6,5,grass,103,65.60509554
untrtpd2_July_forb,untrtpd,untrtpd_2,2022,July,7,6,5,forb,40,25.47770701
untrtpd2_July_woody,untrtpd,untrtpd_2,2022,July,7,6,5,woody,0,0
untrtpd2_July_litter,untrtpd,untrtpd_2,2022,July,7,6,5,litter,14,8.917197452
untrtpd3_July_grass,untrtpd,untrtpd_3,2022,July,7,6,1,grass,31,27.80269058
untrtpd3_July_forb,untrtpd,untrtpd_3,2022,July,7,6,1,forb,2,1.793721973
untrtpd3_July_woody,untrtpd,untrtpd_3,2022,July,7,6,1,woody,0.5,0.448430493
untrtpd3_July_litter,untrtpd,untrtpd_3,2022,July,7,6,1,litter,78,69.95515695
untrtpd3_July_grass,untrtpd,untrtpd_3,2022,July,7,6,2,grass,20,81.63265306
untrtpd3_July_forb,untrtpd,untrtpd_3,2022,July,7,6,2,forb,0.5,2.040816327
untrtpd3_July_woody,untrtpd,untrtpd_3,2022,July,7,6,2,woody,0,0
untrtpd3_July_litter,untrtpd,untrtpd_3,2022,July,7,6,2,litter,4,16.32653061
untrtpd3_July_grass,untrtpd,untrtpd_3,2022,July,7,6,3,grass,30,45.45454545
untrtpd3_July_forb,untrtpd,untrtpd_3,2022,July,7,6,3,forb,23,34.84848485
untrtpd3_July_woody,untrtpd,untrtpd_3,2022,July,7,6,3,woody,0,0
untrtpd3_July_litter,untrtpd,untrtpd_3,2022,July,7,6,3,litter,13,19.6969697
untrtpd3_July_grass,untrtpd,untrtpd_3,2022,July,7,6,4,grass,48,85.71428571
untrtpd3_July_forb,untrtpd,untrtpd_3,2022,July,7,6,4,forb,3,5.357142857
untrtpd3_July_woody,untrtpd,untrtpd_3,2022,July,7,6,4,woody,0,0
untrtpd3_July_litter,untrtpd,untrtpd_3,2022,July,7,6,4,litter,5,8.928571429
untrtpd3_July_grass,untrtpd,untrtpd_3,2022,July,7,6,5,grass,20,24.09638554
untrtpd3_July_forb,untrtpd,untrtpd_3,2022,July,7,6,5,forb,54,65.06024096
untrtpd3_July_woody,untrtpd,untrtpd_3,2022,July,7,6,5,woody,0,0
untrtpd3_July_litter,untrtpd,untrtpd_3,2022,July,7,6,5,litter,9,10.84337349
bison1_August_grass,bison,bison_1,2022,August,8,9,1,grass,113,89.68253968
bison1_August_forb,bison,bison_1,2022,August,8,9,1,forb,5,3.968253968
bison1_August_woody,bison,bison_1,2022,August,8,9,1,woody,0,0
bison1_August_litter,bison,bison_1,2022,August,8,9,1,litter,8,6.349206349
bison1_August_grass,bison,bison_1,2022,August,8,9,2,grass,26,76.47058824
bison1_August_forb,bison,bison_1,2022,August,8,9,2,forb,0,0
bison1_August_woody,bison,bison_1,2022,August,8,9,2,woody,0,0
bison1_August_litter,bison,bison_1,2022,August,8,9,2,litter,8,23.52941176
bison1_August_grass,bison,bison_1,2022,August,8,9,3,grass,37,54.41176471
bison1_August_forb,bison,bison_1,2022,August,8,9,3,forb,9,13.23529412
bison1_August_woody,bison,bison_1,2022,August,8,9,3,woody,0,0
bison1_August_litter,bison,bison_1,2022,August,8,9,3,litter,22,32.35294118
bison1_August_grass,bison,bison_1,2022,August,8,9,4,grass,63,88.73239437
bison1_August_forb,bison,bison_1,2022,August,8,9,4,forb,0,0
bison1_August_woody,bison,bison_1,2022,August,8,9,4,woody,0,0
bison1_August_litter,bison,bison_1,2022,August,8,9,4,litter,8,11.26760563
bison1_August_grass,bison,bison_1,2022,August,8,9,5,grass,106,61.98830409
bison1_August_forb,bison,bison_1,2022,August,8,9,5,forb,12,7.01754386
bison1_August_woody,bison,bison_1,2022,August,8,9,5,woody,0,0
bison1_August_litter,bison,bison_1,2022,August,8,9,5,litter,53,30.99415205
bison2_August_grass,bison,bison_2,2022,August,8,2,1,grass,23,21.10091743
bison2_August_forb,bison,bison_2,2022,August,8,2,1,forb,9,8.256880734
bison2_August_woody,bison,bison_2,2022,August,8,2,1,woody,0,0
bison2_August_litter,bison,bison_2,2022,August,8,2,1,litter,77,70.64220183
bison2_August_grass,bison,bison_2,2022,August,8,2,2,grass,301,88.52941176
bison2_August_forb,bison,bison_2,2022,August,8,2,2,forb,0,0
bison2_August_woody,bison,bison_2,2022,August,8,2,2,woody,0,0
bison2_August_litter,bison,bison_2,2022,August,8,2,2,litter,39,11.47058824
bison2_August_grass,bison,bison_2,2022,August,8,2,3,grass,110,85.27131783
bison2_August_forb,bison,bison_2,2022,August,8,2,3,forb,0,0
bison2_August_woody,bison,bison_2,2022,August,8,2,3,woody,0,0
bison2_August_litter,bison,bison_2,2022,August,8,2,3,litter,19,14.72868217
bison2_August_grass,bison,bison_2,2022,August,8,2,4,grass,100,40.6504065
bison2_August_forb,bison,bison_2,2022,August,8,2,4,forb,0,0
bison2_August_woody,bison,bison_2,2022,August,8,2,4,woody,0,0
bison2_August_litter,bison,bison_2,2022,August,8,2,4,litter,146,59.3495935
bison2_August_grass,bison,bison_2,2022,August,8,2,5,grass,100,28.86002886
bison2_August_forb,bison,bison_2,2022,August,8,2,5,forb,0.5,0.144300144
bison2_August_woody,bison,bison_2,2022,August,8,2,5,woody,0,0
bison2_August_litter,bison,bison_2,2022,August,8,2,5,litter,246,70.995671
bison3_August_grass,bison,bison_3,2022,August,8,5,1,grass,49,20.82447939
bison3_August_forb,bison,bison_3,2022,August,8,5,1,forb,0.3,0.127496813
bison3_August_woody,bison,bison_3,2022,August,8,5,1,woody,0,0
bison3_August_litter,bison,bison_3,2022,August,8,5,1,litter,186,79.0480238
bison3_August_grass,bison,bison_3,2022,August,8,5,2,grass,13,3.333333333
bison3_August_forb,bison,bison_3,2022,August,8,5,2,forb,0,0
bison3_August_woody,bison,bison_3,2022,August,8,5,2,woody,0,0
bison3_August_litter,bison,bison_3,2022,August,8,5,2,litter,377,96.66666667
bison3_August_grass,bison,bison_3,2022,August,8,5,3,grass,90,43.47826087
bison3_August_forb,bison,bison_3,2022,August,8,5,3,forb,0,0
bison3_August_woody,bison,bison_3,2022,August,8,5,3,woody,0,0
bison3_August_litter,bison,bison_3,2022,August,8,5,3,litter,117,56.52173913
bison3_August_grass,bison,bison_3,2022,August,8,5,4,grass,173,31.74311927
bison3_August_forb,bison,bison_3,2022,August,8,5,4,forb,0,0
bison3_August_woody,bison,bison_3,2022,August,8,5,4,woody,0,0
bison3_August_litter,bison,bison_3,2022,August,8,5,4,litter,372,68.25688073
bison3_August_grass,bison,bison_3,2022,August,8,5,5,grass,100,44.44444444
bison3_August_forb,bison,bison_3,2022,August,8,5,5,forb,0,0
bison3_August_woody,bison,bison_3,2022,August,8,5,5,woody,0,0
bison3_August_litter,bison,bison_3,2022,August,8,5,5,litter,125,55.55555556
ungrazed1_August_grass,ungrazed,ungrazed_1,2022,August,8,4,1,grass,84,15.55555556
ungrazed1_August_forb,ungrazed,ungrazed_1,2022,August,8,4,1,forb,82,15.18518519
ungrazed1_August_woody,ungrazed,ungrazed_1,2022,August,8,4,1,woody,0,0
ungrazed1_August_litter,ungrazed,ungrazed_1,2022,August,8,4,1,litter,374,69.25925926
ungrazed1_August_grass,ungrazed,ungrazed_1,2022,August,8,4,2,grass,104,24.41314554
ungrazed1_August_forb,ungrazed,ungrazed_1,2022,August,8,4,2,forb,53,12.44131455
ungrazed1_August_woody,ungrazed,ungrazed_1,2022,August,8,4,2,woody,0,0
ungrazed1_August_litter,ungrazed,ungrazed_1,2022,August,8,4,2,litter,269,63.14553991
ungrazed1_August_grass,ungrazed,ungrazed_1,2022,August,8,4,3,grass,94,33.2155477
ungrazed1_August_forb,ungrazed,ungrazed_1,2022,August,8,4,3,forb,38,13.42756184
ungrazed1_August_woody,ungrazed,ungrazed_1,2022,August,8,4,3,woody,0,0
ungrazed1_August_litter,ungrazed,ungrazed_1,2022,August,8,4,3,litter,151,53.35689046
ungrazed1_August_grass,ungrazed,ungrazed_1,2022,August,8,4,4,grass,58,16.06648199
ungrazed1_August_forb,ungrazed,ungrazed_1,2022,August,8,4,4,forb,200,55.40166205
ungrazed1_August_woody,ungrazed,ungrazed_1,2022,August,8,4,4,woody,0,0
ungrazed1_August_litter,ungrazed,ungrazed_1,2022,August,8,4,4,litter,103,28.53185596
ungrazed1_August_grass,ungrazed,ungrazed_1,2022,August,8,4,5,grass,86,47.77777778
ungrazed1_August_forb,ungrazed,ungrazed_1,2022,August,8,4,5,forb,10,5.555555556
ungrazed1_August_woody,ungrazed,ungrazed_1,2022,August,8,4,5,woody,0,0
ungrazed1_August_litter,ungrazed,ungrazed_1,2022,August,8,4,5,litter,84,46.66666667
ungrazed2_August_grass,ungrazed,ungrazed_2,2022,August,8,8,1,grass,105,17.3553719
ungrazed2_August_forb,ungrazed,ungrazed_2,2022,August,8,8,1,forb,6,0.991735537
ungrazed2_August_woody,ungrazed,ungrazed_2,2022,August,8,8,1,woody,0,0
ungrazed2_August_litter,ungrazed,ungrazed_2,2022,August,8,8,1,litter,494,81.65289256
ungrazed2_August_grass,ungrazed,ungrazed_2,2022,August,8,8,2,grass,118,27.18894009
ungrazed2_August_forb,ungrazed,ungrazed_2,2022,August,8,8,2,forb,91,20.96774194
ungrazed2_August_woody,ungrazed,ungrazed_2,2022,August,8,8,2,woody,0,0
ungrazed2_August_litter,ungrazed,ungrazed_2,2022,August,8,8,2,litter,225,51.84331797
ungrazed2_August_grass,ungrazed,ungrazed_2,2022,August,8,8,3,grass,9,27.27272727
ungrazed2_August_forb,ungrazed,ungrazed_2,2022,August,8,8,3,forb,0,0
ungrazed2_August_woody,ungrazed,ungrazed_2,2022,August,8,8,3,woody,0,0
ungrazed2_August_litter,ungrazed,ungrazed_2,2022,August,8,8,3,litter,24,72.72727273
ungrazed2_August_grass,ungrazed,ungrazed_2,2022,August,8,8,4,grass,68,24.28571429
ungrazed2_August_forb,ungrazed,ungrazed_2,2022,August,8,8,4,forb,43,15.35714286
ungrazed2_August_woody,ungrazed,ungrazed_2,2022,August,8,8,4,woody,0,0
ungrazed2_August_litter,ungrazed,ungrazed_2,2022,August,8,8,4,litter,169,60.35714286
ungrazed2_August_grass,ungrazed,ungrazed_2,2022,August,8,8,5,grass,75,30.99173554
ungrazed2_August_forb,ungrazed,ungrazed_2,2022,August,8,8,5,forb,47,19.4214876
ungrazed2_August_woody,ungrazed,ungrazed_2,2022,August,8,8,5,woody,0,0
ungrazed2_August_litter,ungrazed,ungrazed_2,2022,August,8,8,5,litter,120,49.58677686
ungrazed3_August_grass,ungrazed,ungrazed_3,2022,August,8,10,1,grass,8,13.91304348
ungrazed3_August_forb,ungrazed,ungrazed_3,2022,August,8,10,1,forb,0.5,0.869565217
ungrazed3_August_woody,ungrazed,ungrazed_3,2022,August,8,10,1,woody,0,0
ungrazed3_August_litter,ungrazed,ungrazed_3,2022,August,8,10,1,litter,49,85.2173913
ungrazed3_August_grass,ungrazed,ungrazed_3,2022,August,8,10,2,grass,5,16.39344262
ungrazed3_August_forb,ungrazed,ungrazed_3,2022,August,8,10,2,forb,0.5,1.639344262
ungrazed3_August_woody,ungrazed,ungrazed_3,2022,August,8,10,2,woody,0,0
ungrazed3_August_litter,ungrazed,ungrazed_3,2022,August,8,10,2,litter,25,81.96721311
ungrazed3_August_grass,ungrazed,ungrazed_3,2022,August,8,10,3,grass,13,32.5
ungrazed3_August_forb,ungrazed,ungrazed_3,2022,August,8,10,3,forb,0,0
ungrazed3_August_woody,ungrazed,ungrazed_3,2022,August,8,10,3,woody,0,0
ungrazed3_August_litter,ungrazed,ungrazed_3,2022,August,8,10,3,litter,27,67.5
ungrazed3_August_grass,ungrazed,ungrazed_3,2022,August,8,10,4,grass,8,19.75308642
ungrazed3_August_forb,ungrazed,ungrazed_3,2022,August,8,10,4,forb,0.5,1.234567901
ungrazed3_August_woody,ungrazed,ungrazed_3,2022,August,8,10,4,woody,0,0
ungrazed3_August_litter,ungrazed,ungrazed_3,2022,August,8,10,4,litter,32,79.01234568
ungrazed3_August_grass,ungrazed,ungrazed_3,2022,August,8,10,5,grass,9,3.409090909
ungrazed3_August_forb,ungrazed,ungrazed_3,2022,August,8,10,5,forb,0,0
ungrazed3_August_woody,ungrazed,ungrazed_3,2022,August,8,10,5,woody,31,11.74242424
ungrazed3_August_litter,ungrazed,ungrazed_3,2022,August,8,10,5,litter,224,84.84848485
cattle1_August_grass,cattle,cattle_1,2022,August,8,8,1,grass,43,41.34615385
cattle1_August_forb,cattle,cattle_1,2022,August,8,8,1,forb,41,39.42307692
cattle1_August_woody,cattle,cattle_1,2022,August,8,8,1,woody,0,0
cattle1_August_litter,cattle,cattle_1,2022,August,8,8,1,litter,20,19.23076923
cattle1_August_grass,cattle,cattle_1,2022,August,8,8,2,grass,9,2.803738318
cattle1_August_forb,cattle,cattle_1,2022,August,8,8,2,forb,290,90.34267913
cattle1_August_woody,cattle,cattle_1,2022,August,8,8,2,woody,0,0
cattle1_August_litter,cattle,cattle_1,2022,August,8,8,2,litter,22,6.853582555
cattle1_August_grass,cattle,cattle_1,2022,August,8,8,3,grass,52,40.94488189
cattle1_August_forb,cattle,cattle_1,2022,August,8,8,3,forb,32,25.19685039
cattle1_August_woody,cattle,cattle_1,2022,August,8,8,3,woody,8,6.299212598
cattle1_August_litter,cattle,cattle_1,2022,August,8,8,3,litter,35,27.55905512
cattle1_August_grass,cattle,cattle_1,2022,August,8,8,4,grass,37,29.24901186
cattle1_August_forb,cattle,cattle_1,2022,August,8,8,4,forb,37,29.24901186
cattle1_August_woody,cattle,cattle_1,2022,August,8,8,4,woody,0.5,0.395256917
cattle1_August_litter,cattle,cattle_1,2022,August,8,8,4,litter,52,41.10671937
cattle1_August_grass,cattle,cattle_1,2022,August,8,8,5,grass,10,7.352941176
cattle1_August_forb,cattle,cattle_1,2022,August,8,8,5,forb,45,33.08823529
cattle1_August_woody,cattle,cattle_1,2022,August,8,8,5,woody,0,0
cattle1_August_litter,cattle,cattle_1,2022,August,8,8,5,litter,81,59.55882353
cattle2_August_grass,cattle,cattle_2,2022,August,8,5,1,grass,44,75.73149742
cattle2_August_forb,cattle,cattle_2,2022,August,8,5,1,forb,0.1,0.17211704
cattle2_August_woody,cattle,cattle_2,2022,August,8,5,1,woody,0,0
cattle2_August_litter,cattle,cattle_2,2022,August,8,5,1,litter,14,24.09638554
cattle2_August_grass,cattle,cattle_2,2022,August,8,5,2,grass,6,14.63414634
cattle2_August_forb,cattle,cattle_2,2022,August,8,5,2,forb,32,78.04878049
cattle2_August_woody,cattle,cattle_2,2022,August,8,5,2,woody,0,0
cattle2_August_litter,cattle,cattle_2,2022,August,8,5,2,litter,3,7.317073171
cattle2_August_grass,cattle,cattle_2,2022,August,8,5,3,grass,59,48.36065574
cattle2_August_forb,cattle,cattle_2,2022,August,8,5,3,forb,15,12.29508197
cattle2_August_woody,cattle,cattle_2,2022,August,8,5,3,woody,0,0
cattle2_August_litter,cattle,cattle_2,2022,August,8,5,3,litter,48,39.3442623
cattle2_August_grass,cattle,cattle_2,2022,August,8,5,4,grass,61,24.59677419
cattle2_August_forb,cattle,cattle_2,2022,August,8,5,4,forb,0,0
cattle2_August_woody,cattle,cattle_2,2022,August,8,5,4,woody,0,0
cattle2_August_litter,cattle,cattle_2,2022,August,8,5,4,litter,187,75.40322581
cattle2_August_grass,cattle,cattle_2,2022,August,8,5,5,grass,27,4.812834225
cattle2_August_forb,cattle,cattle_2,2022,August,8,5,5,forb,0,0
cattle2_August_woody,cattle,cattle_2,2022,August,8,5,5,woody,0,0
cattle2_August_litter,cattle,cattle_2,2022,August,8,5,5,litter,534,95.18716578
cattle3_August_grass,cattle,cattle_3,2022,August,8,2,1,grass,0.5,1.168224299
cattle3_August_forb,cattle,cattle_3,2022,August,8,2,1,forb,42,98.13084112
cattle3_August_woody,cattle,cattle_3,2022,August,8,2,1,woody,0,0
cattle3_August_litter,cattle,cattle_3,2022,August,8,2,1,litter,0.3,0.700934579
cattle3_August_grass,cattle,cattle_3,2022,August,8,2,2,grass,6,20
cattle3_August_forb,cattle,cattle_3,2022,August,8,2,2,forb,17,56.66666667
cattle3_August_woody,cattle,cattle_3,2022,August,8,2,2,woody,0,0
cattle3_August_litter,cattle,cattle_3,2022,August,8,2,2,litter,7,23.33333333
cattle3_August_grass,cattle,cattle_3,2022,August,8,2,3,grass,0.5,0.952380952
cattle3_August_forb,cattle,cattle_3,2022,August,8,2,3,forb,46,87.61904762
cattle3_August_woody,cattle,cattle_3,2022,August,8,2,3,woody,0,0
cattle3_August_litter,cattle,cattle_3,2022,August,8,2,3,litter,6,11.42857143
cattle3_August_grass,cattle,cattle_3,2022,August,8,2,4,grass,0.5,5.681818182
cattle3_August_forb,cattle,cattle_3,2022,August,8,2,4,forb,8,90.90909091
cattle3_August_woody,cattle,cattle_3,2022,August,8,2,4,woody,0,0
cattle3_August_litter,cattle,cattle_3,2022,August,8,2,4,litter,0.3,3.409090909
cattle3_August_grass,cattle,cattle_3,2022,August,8,2,5,grass,10,50
cattle3_August_forb,cattle,cattle_3,2022,August,8,2,5,forb,0,0
cattle3_August_woody,cattle,cattle_3,2022,August,8,2,5,woody,0,0
cattle3_August_litter,cattle,cattle_3,2022,August,8,2,5,litter,10,50
trtpd1_August_grass,trtpd,trtpd_1,2022,August,8,9,1,grass,0.1,0.452488688
trtpd1_August_forb,trtpd,trtpd_1,2022,August,8,9,1,forb,0,0
trtpd1_August_woody,trtpd,trtpd_1,2022,August,8,9,1,woody,0,0
trtpd1_August_litter,trtpd,trtpd_1,2022,August,8,9,1,litter,22,99.54751131
trtpd1_August_grass,trtpd,trtpd_1,2022,August,8,9,2,grass,0.1,0.138696255
trtpd1_August_forb,trtpd,trtpd_1,2022,August,8,9,2,forb,44,61.02635229
trtpd1_August_woody,trtpd,trtpd_1,2022,August,8,9,2,woody,0,0
trtpd1_August_litter,trtpd,trtpd_1,2022,August,8,9,2,litter,28,38.83495146
trtpd1_August_grass,trtpd,trtpd_1,2022,August,8,9,3,grass,0,0
trtpd1_August_forb,trtpd,trtpd_1,2022,August,8,9,3,forb,0,0
trtpd1_August_woody,trtpd,trtpd_1,2022,August,8,9,3,woody,0,0
trtpd1_August_litter,trtpd,trtpd_1,2022,August,8,9,3,litter,24,100
trtpd1_August_grass,trtpd,trtpd_1,2022,August,8,9,4,grass,0.1,0.057110223
trtpd1_August_forb,trtpd,trtpd_1,2022,August,8,9,4,forb,28,15.99086236
trtpd1_August_woody,trtpd,trtpd_1,2022,August,8,9,4,woody,0,0
trtpd1_August_litter,trtpd,trtpd_1,2022,August,8,9,4,litter,147,83.95202741
trtpd1_August_grass,trtpd,trtpd_1,2022,August,8,9,5,grass,0,0
trtpd1_August_forb,trtpd,trtpd_1,2022,August,8,9,5,forb,126,83.44370861
trtpd1_August_woody,trtpd,trtpd_1,2022,August,8,9,5,woody,0,0
trtpd1_August_litter,trtpd,trtpd_1,2022,August,8,9,5,litter,25,16.55629139
trtpd2_August_grass,trtpd,trtpd_2,2022,August,8,2,1,grass,0,0
trtpd2_August_forb,trtpd,trtpd_2,2022,August,8,2,1,forb,105,84.67741935
trtpd2_August_woody,trtpd,trtpd_2,2022,August,8,2,1,woody,0,0
trtpd2_August_litter,trtpd,trtpd_2,2022,August,8,2,1,litter,19,15.32258065
trtpd2_August_grass,trtpd,trtpd_2,2022,August,8,2,2,grass,0.1,0.105152471
trtpd2_August_forb,trtpd,trtpd_2,2022,August,8,2,2,forb,63,66.24605678
trtpd2_August_woody,trtpd,trtpd_2,2022,August,8,2,2,woody,0,0
trtpd2_August_litter,trtpd,trtpd_2,2022,August,8,2,2,litter,32,33.64879075
trtpd2_August_grass,trtpd,trtpd_2,2022,August,8,2,3,grass,0.1,20
trtpd2_August_forb,trtpd,trtpd_2,2022,August,8,2,3,forb,0.3,60
trtpd2_August_woody,trtpd,trtpd_2,2022,August,8,2,3,woody,0,0
trtpd2_August_litter,trtpd,trtpd_2,2022,August,8,2,3,litter,0.1,20
trtpd2_August_grass,trtpd,trtpd_2,2022,August,8,2,4,grass,0,0
trtpd2_August_forb,trtpd,trtpd_2,2022,August,8,2,4,forb,17,5.214723926
trtpd2_August_woody,trtpd,trtpd_2,2022,August,8,2,4,woody,226,69.32515337
trtpd2_August_litter,trtpd,trtpd_2,2022,August,8,2,4,litter,83,25.4601227
trtpd2_August_grass,trtpd,trtpd_2,2022,August,8,2,5,grass,0,0
trtpd2_August_forb,trtpd,trtpd_2,2022,August,8,2,5,forb,7,93.33333333
trtpd2_August_woody,trtpd,trtpd_2,2022,August,8,2,5,woody,0,0
trtpd2_August_litter,trtpd,trtpd_2,2022,August,8,2,5,litter,0.5,6.666666667
trtpd3_August_grass,trtpd,trtpd_3,2022,August,8,4,1,grass,0,0
trtpd3_August_forb,trtpd,trtpd_3,2022,August,8,4,1,forb,145,82.85714286
trtpd3_August_woody,trtpd,trtpd_3,2022,August,8,4,1,woody,0,0
trtpd3_August_litter,trtpd,trtpd_3,2022,August,8,4,1,litter,30,17.14285714
trtpd3_August_grass,trtpd,trtpd_3,2022,August,8,4,2,grass,0,0
trtpd3_August_forb,trtpd,trtpd_3,2022,August,8,4,2,forb,360,69.63249516
trtpd3_August_woody,trtpd,trtpd_3,2022,August,8,4,2,woody,0,0
trtpd3_August_litter,trtpd,trtpd_3,2022,August,8,4,2,litter,157,30.36750484
trtpd3_August_grass,trtpd,trtpd_3,2022,August,8,4,3,grass,0,0
trtpd3_August_forb,trtpd,trtpd_3,2022,August,8,4,3,forb,55,91.66666667
trtpd3_August_woody,trtpd,trtpd_3,2022,August,8,4,3,woody,0,0
trtpd3_August_litter,trtpd,trtpd_3,2022,August,8,4,3,litter,5,8.333333333
trtpd3_August_grass,trtpd,trtpd_3,2022,August,8,4,4,grass,0,0
trtpd3_August_forb,trtpd,trtpd_3,2022,August,8,4,4,forb,130,94.89051095
trtpd3_August_woody,trtpd,trtpd_3,2022,August,8,4,4,woody,0,0
trtpd3_August_litter,trtpd,trtpd_3,2022,August,8,4,4,litter,7,5.109489051
trtpd3_August_grass,trtpd,trtpd_3,2022,August,8,4,5,grass,0,0
trtpd3_August_forb,trtpd,trtpd_3,2022,August,8,4,5,forb,0,0
trtpd3_August_woody,trtpd,trtpd_3,2022,August,8,4,5,woody,0,0
trtpd3_August_litter,trtpd,trtpd_3,2022,August,8,4,5,litter,0.1,100
untrtpd1_August_grass,untrtpd,untrtpd_1,2022,August,8,2,1,grass,25,41.66666667
untrtpd1_August_forb,untrtpd,untrtpd_1,2022,August,8,2,1,forb,0,0
untrtpd1_August_woody,untrtpd,untrtpd_1,2022,August,8,2,1,woody,0,0
untrtpd1_August_litter,untrtpd,untrtpd_1,2022,August,8,2,1,litter,35,58.33333333
untrtpd1_August_grass,untrtpd,untrtpd_1,2022,August,8,2,2,grass,2,10.52631579
untrtpd1_August_forb,untrtpd,untrtpd_1,2022,August,8,2,2,forb,0,0
untrtpd1_August_woody,untrtpd,untrtpd_1,2022,August,8,2,2,woody,0,0
untrtpd1_August_litter,untrtpd,untrtpd_1,2022,August,8,2,2,litter,17,89.47368421
untrtpd1_August_grass,untrtpd,untrtpd_1,2022,August,8,2,3,grass,15,26.78571429
untrtpd1_August_forb,untrtpd,untrtpd_1,2022,August,8,2,3,forb,0,0
untrtpd1_August_woody,untrtpd,untrtpd_1,2022,August,8,2,3,woody,0,0
untrtpd1_August_litter,untrtpd,untrtpd_1,2022,August,8,2,3,litter,41,73.21428571
untrtpd1_August_grass,untrtpd,untrtpd_1,2022,August,8,2,4,grass,16,12.12121212
untrtpd1_August_forb,untrtpd,untrtpd_1,2022,August,8,2,4,forb,0,0
untrtpd1_August_woody,untrtpd,untrtpd_1,2022,August,8,2,4,woody,0,0
untrtpd1_August_litter,untrtpd,untrtpd_1,2022,August,8,2,4,litter,116,87.87878788
untrtpd1_August_grass,untrtpd,untrtpd_1,2022,August,8,2,5,grass,30,42.25352113
untrtpd1_August_forb,untrtpd,untrtpd_1,2022,August,8,2,5,forb,0,0
untrtpd1_August_woody,untrtpd,untrtpd_1,2022,August,8,2,5,woody,0,0
untrtpd1_August_litter,untrtpd,untrtpd_1,2022,August,8,2,5,litter,41,57.74647887
untrtpd2_August_grass,untrtpd,untrtpd_2,2022,August,8,5,1,grass,0.5,0.483091787
untrtpd2_August_forb,untrtpd,untrtpd_2,2022,August,8,5,1,forb,100,96.61835749
untrtpd2_August_woody,untrtpd,untrtpd_2,2022,August,8,5,1,woody,0,0
untrtpd2_August_litter,untrtpd,untrtpd_2,2022,August,8,5,1,litter,3,2.898550725
untrtpd2_August_grass,untrtpd,untrtpd_2,2022,August,8,5,2,grass,0.1,0.19193858
untrtpd2_August_forb,untrtpd,untrtpd_2,2022,August,8,5,2,forb,49,94.04990403
untrtpd2_August_woody,untrtpd,untrtpd_2,2022,August,8,5,2,woody,0,0
untrtpd2_August_litter,untrtpd,untrtpd_2,2022,August,8,5,2,litter,3,5.75815739
untrtpd2_August_grass,untrtpd,untrtpd_2,2022,August,8,5,3,grass,6,9.917355372
untrtpd2_August_forb,untrtpd,untrtpd_2,2022,August,8,5,3,forb,54,89.25619835
untrtpd2_August_woody,untrtpd,untrtpd_2,2022,August,8,5,3,woody,0,0
untrtpd2_August_litter,untrtpd,untrtpd_2,2022,August,8,5,3,litter,0.5,0.826446281
untrtpd2_August_grass,untrtpd,untrtpd_2,2022,August,8,5,4,grass,5,3.401360544
untrtpd2_August_forb,untrtpd,untrtpd_2,2022,August,8,5,4,forb,118,80.27210884
untrtpd2_August_woody,untrtpd,untrtpd_2,2022,August,8,5,4,woody,0,0
untrtpd2_August_litter,untrtpd,untrtpd_2,2022,August,8,5,4,litter,24,16.32653061
untrtpd2_August_grass,untrtpd,untrtpd_2,2022,August,8,5,5,grass,0.1,0.094250707
untrtpd2_August_forb,untrtpd,untrtpd_2,2022,August,8,5,5,forb,84,79.17059378
untrtpd2_August_woody,untrtpd,untrtpd_2,2022,August,8,5,5,woody,0,0
untrtpd2_August_litter,untrtpd,untrtpd_2,2022,August,8,5,5,litter,22,20.73515551
untrtpd3_August_grass,untrtpd,untrtpd_3,2022,August,8,5,1,grass,0.1,0.662251656
untrtpd3_August_forb,untrtpd,untrtpd_3,2022,August,8,5,1,forb,7,46.35761589
untrtpd3_August_woody,untrtpd,untrtpd_3,2022,August,8,5,1,woody,0,0
untrtpd3_August_litter,untrtpd,untrtpd_3,2022,August,8,5,1,litter,8,52.98013245
untrtpd3_August_grass,untrtpd,untrtpd_3,2022,August,8,5,2,grass,0.3,0.335946249
untrtpd3_August_forb,untrtpd,untrtpd_3,2022,August,8,5,2,forb,0,0
untrtpd3_August_woody,untrtpd,untrtpd_3,2022,August,8,5,2,woody,0,0
untrtpd3_August_litter,untrtpd,untrtpd_3,2022,August,8,5,2,litter,89,99.66405375
untrtpd3_August_grass,untrtpd,untrtpd_3,2022,August,8,5,3,grass,7,60.86956522
untrtpd3_August_forb,untrtpd,untrtpd_3,2022,August,8,5,3,forb,0.5,4.347826087
untrtpd3_August_woody,untrtpd,untrtpd_3,2022,August,8,5,3,woody,0,0
untrtpd3_August_litter,untrtpd,untrtpd_3,2022,August,8,5,3,litter,4,34.7826087
untrtpd3_August_grass,untrtpd,untrtpd_3,2022,August,8,5,4,grass,0,0
untrtpd3_August_forb,untrtpd,untrtpd_3,2022,August,8,5,4,forb,39,86.66666667
untrtpd3_August_woody,untrtpd,untrtpd_3,2022,August,8,5,4,woody,0,0
untrtpd3_August_litter,untrtpd,untrtpd_3,2022,August,8,5,4,litter,6,13.33333333
untrtpd3_August_grass,untrtpd,untrtpd_3,2022,August,8,5,5,grass,0,0
untrtpd3_August_forb,untrtpd,untrtpd_3,2022,August,8,5,5,forb,13,52
untrtpd3_August_woody,untrtpd,untrtpd_3,2022,August,8,5,5,woody,0,0
untrtpd3_August_litter,untrtpd,untrtpd_3,2022,August,8,5,5,litter,12,48
bison1_September_grass,bison,bison_1,2022,September,9,4,1,grass,0,0
bison1_September_forb,bison,bison_1,2022,September,9,4,1,forb,44,69.84126984
bison1_September_woody,bison,bison_1,2022,September,9,4,1,woody,0,0
bison1_September_litter,bison,bison_1,2022,September,9,4,1,litter,19,30.15873016
bison1_September_grass,bison,bison_1,2022,September,9,4,2,grass,42.7,69.31818182
bison1_September_forb,bison,bison_1,2022,September,9,4,2,forb,4.7,7.62987013
bison1_September_woody,bison,bison_1,2022,September,9,4,2,woody,0,0
bison1_September_litter,bison,bison_1,2022,September,9,4,2,litter,14.2,23.05194805
bison1_September_grass,bison,bison_1,2022,September,9,4,3,grass,0,0
bison1_September_forb,bison,bison_1,2022,September,9,4,3,forb,23.5,32.14774282
bison1_September_woody,bison,bison_1,2022,September,9,4,3,woody,0,0
bison1_September_litter,bison,bison_1,2022,September,9,4,3,litter,49.6,67.85225718
bison1_September_grass,bison,bison_1,2022,September,9,4,4,grass,0,0
bison1_September_forb,bison,bison_1,2022,September,9,4,4,forb,0,0
bison1_September_woody,bison,bison_1,2022,September,9,4,4,woody,0,0
bison1_September_litter,bison,bison_1,2022,September,9,4,4,litter,62,100
bison1_September_grass,bison,bison_1,2022,September,9,4,5,grass,0,0
bison1_September_forb,bison,bison_1,2022,September,9,4,5,forb,12.4,7.268464244
bison1_September_woody,bison,bison_1,2022,September,9,4,5,woody,0,0
bison1_September_litter,bison,bison_1,2022,September,9,4,5,litter,158.2,92.73153576
bison2_September_grass,bison,bison_2,2022,September,9,2,1,grass,0,0
bison2_September_forb,bison,bison_2,2022,September,9,2,1,forb,0,0
bison2_September_woody,bison,bison_2,2022,September,9,2,1,woody,0,0
bison2_September_litter,bison,bison_2,2022,September,9,2,1,litter,149,100
bison2_September_grass,bison,bison_2,2022,September,9,2,2,grass,0,0
bison2_September_forb,bison,bison_2,2022,September,9,2,2,forb,0,0
bison2_September_woody,bison,bison_2,2022,September,9,2,2,woody,0,0
bison2_September_litter,bison,bison_2,2022,September,9,2,2,litter,188.1,100
bison2_September_grass,bison,bison_2,2022,September,9,2,3,grass,103.6,41.34078212
bison2_September_forb,bison,bison_2,2022,September,9,2,3,forb,0,0
bison2_September_woody,bison,bison_2,2022,September,9,2,3,woody,0,0
bison2_September_litter,bison,bison_2,2022,September,9,2,3,litter,147,58.65921788
bison2_September_grass,bison,bison_2,2022,September,9,2,4,grass,0,0
bison2_September_forb,bison,bison_2,2022,September,9,2,4,forb,0,0
bison2_September_woody,bison,bison_2,2022,September,9,2,4,woody,0,0
bison2_September_litter,bison,bison_2,2022,September,9,2,4,litter,304.4,100
bison2_September_grass,bison,bison_2,2022,September,9,2,5,grass,126.3,36.4081868
bison2_September_forb,bison,bison_2,2022,September,9,2,5,forb,0,0
bison2_September_woody,bison,bison_2,2022,September,9,2,5,woody,0,0
bison2_September_litter,bison,bison_2,2022,September,9,2,5,litter,220.6,63.5918132
bison3_September_grass,bison,bison_3,2022,September,9,1,1,grass,37.1,9.314353142
bison3_September_forb,bison,bison_3,2022,September,9,1,1,forb,0.01,0.002510607
bison3_September_woody,bison,bison_3,2022,September,9,1,1,woody,0,0
bison3_September_litter,bison,bison_3,2022,September,9,1,1,litter,361.2,90.68313625
bison3_September_grass,bison,bison_3,2022,September,9,1,2,grass,46.7,36.06177606
bison3_September_forb,bison,bison_3,2022,September,9,1,2,forb,0.8,0.617760618
bison3_September_woody,bison,bison_3,2022,September,9,1,2,woody,0,0
bison3_September_litter,bison,bison_3,2022,September,9,1,2,litter,82,63.32046332
bison3_September_grass,bison,bison_3,2022,September,9,1,3,grass,47.3,62.23684211
bison3_September_forb,bison,bison_3,2022,September,9,1,3,forb,0,0
bison3_September_woody,bison,bison_3,2022,September,9,1,3,woody,0,0
bison3_September_litter,bison,bison_3,2022,September,9,1,3,litter,28.7,37.76315789
bison3_September_grass,bison,bison_3,2022,September,9,1,4,grass,58.9,37.0906801
bison3_September_forb,bison,bison_3,2022,September,9,1,4,forb,0,0
bison3_September_woody,bison,bison_3,2022,September,9,1,4,woody,0,0
bison3_September_litter,bison,bison_3,2022,September,9,1,4,litter,99.9,62.9093199
bison3_September_grass,bison,bison_3,2022,September,9,1,5,grass,32.7,52.07006369
bison3_September_forb,bison,bison_3,2022,September,9,1,5,forb,1.9,3.025477707
bison3_September_woody,bison,bison_3,2022,September,9,1,5,woody,0,0
bison3_September_litter,bison,bison_3,2022,September,9,1,5,litter,28.2,44.9044586
ungrazed1_September_grass,ungrazed,ungrazed_1,2022,September,9,4,1,grass,39.5,11.51603499
ungrazed1_September_forb,ungrazed,ungrazed_1,2022,September,9,4,1,forb,12.5,3.644314869
ungrazed1_September_woody,ungrazed,ungrazed_1,2022,September,9,4,1,woody,0,0
ungrazed1_September_litter,ungrazed,ungrazed_1,2022,September,9,4,1,litter,291,84.83965015
ungrazed1_September_grass,ungrazed,ungrazed_1,2022,September,9,4,2,grass,49.9,23.24173265
ungrazed1_September_forb,ungrazed,ungrazed_1,2022,September,9,4,2,forb,0,0
ungrazed1_September_woody,ungrazed,ungrazed_1,2022,September,9,4,2,woody,0,0
ungrazed1_September_litter,ungrazed,ungrazed_1,2022,September,9,4,2,litter,164.8,76.75826735
ungrazed1_September_grass,ungrazed,ungrazed_1,2022,September,9,4,3,grass,53.3,26.55705032
ungrazed1_September_forb,ungrazed,ungrazed_1,2022,September,9,4,3,forb,0,0
ungrazed1_September_woody,ungrazed,ungrazed_1,2022,September,9,4,3,woody,0,0
ungrazed1_September_litter,ungrazed,ungrazed_1,2022,September,9,4,3,litter,147.4,73.44294968
ungrazed1_September_grass,ungrazed,ungrazed_1,2022,September,9,4,4,grass,6.8,17.5257732
ungrazed1_September_forb,ungrazed,ungrazed_1,2022,September,9,4,4,forb,0,0
ungrazed1_September_woody,ungrazed,ungrazed_1,2022,September,9,4,4,woody,5.6,14.43298969
ungrazed1_September_litter,ungrazed,ungrazed_1,2022,September,9,4,4,litter,26.4,68.04123711
ungrazed1_September_grass,ungrazed,ungrazed_1,2022,September,9,4,5,grass,47,24.11493073
ungrazed1_September_forb,ungrazed,ungrazed_1,2022,September,9,4,5,forb,0,0
ungrazed1_September_woody,ungrazed,ungrazed_1,2022,September,9,4,5,woody,0,0
ungrazed1_September_litter,ungrazed,ungrazed_1,2022,September,9,4,5,litter,147.9,75.88506927
ungrazed2_September_grass,ungrazed,ungrazed_2,2022,September,9,3,1,grass,8.7,1.263983728
ungrazed2_September_forb,ungrazed,ungrazed_2,2022,September,9,3,1,forb,18.1,2.629667296
ungrazed2_September_woody,ungrazed,ungrazed_2,2022,September,9,3,1,woody,0,0
ungrazed2_September_litter,ungrazed,ungrazed_2,2022,September,9,3,1,litter,661.5,96.10634898
ungrazed2_September_grass,ungrazed,ungrazed_2,2022,September,9,3,2,grass,171.2,26.96912413
ungrazed2_September_forb,ungrazed,ungrazed_2,2022,September,9,3,2,forb,15.7,2.473219912
ungrazed2_September_woody,ungrazed,ungrazed_2,2022,September,9,3,2,woody,0,0
ungrazed2_September_litter,ungrazed,ungrazed_2,2022,September,9,3,2,litter,447.9,70.55765595
ungrazed2_September_grass,ungrazed,ungrazed_2,2022,September,9,3,3,grass,2.1,3.505843072
ungrazed2_September_forb,ungrazed,ungrazed_2,2022,September,9,3,3,forb,44.9,74.95826377
ungrazed2_September_woody,ungrazed,ungrazed_2,2022,September,9,3,3,woody,0,0
ungrazed2_September_litter,ungrazed,ungrazed_2,2022,September,9,3,3,litter,12.9,21.53589316
ungrazed2_September_grass,ungrazed,ungrazed_2,2022,September,9,3,4,grass,75.7,19.55061983
ungrazed2_September_forb,ungrazed,ungrazed_2,2022,September,9,3,4,forb,26.6,6.869834711
ungrazed2_September_woody,ungrazed,ungrazed_2,2022,September,9,3,4,woody,0,0
ungrazed2_September_litter,ungrazed,ungrazed_2,2022,September,9,3,4,litter,284.9,73.57954545
ungrazed2_September_grass,ungrazed,ungrazed_2,2022,September,9,3,5,grass,18,14.9750416
ungrazed2_September_forb,ungrazed,ungrazed_2,2022,September,9,3,5,forb,74.1,61.64725458
ungrazed2_September_woody,ungrazed,ungrazed_2,2022,September,9,3,5,woody,0,0
ungrazed2_September_litter,ungrazed,ungrazed_2,2022,September,9,3,5,litter,28.1,23.37770383
ungrazed3_September_grass,ungrazed,ungrazed_3,2022,September,9,2,1,grass,19,8.315098468
ungrazed3_September_forb,ungrazed,ungrazed_3,2022,September,9,2,1,forb,0,0
ungrazed3_September_woody,ungrazed,ungrazed_3,2022,September,9,2,1,woody,0,0
ungrazed3_September_litter,ungrazed,ungrazed_3,2022,September,9,2,1,litter,209.5,91.68490153
ungrazed3_September_grass,ungrazed,ungrazed_3,2022,September,9,2,2,grass,13.3,7.165948276
ungrazed3_September_forb,ungrazed,ungrazed_3,2022,September,9,2,2,forb,0,0
ungrazed3_September_woody,ungrazed,ungrazed_3,2022,September,9,2,2,woody,9.4,5.064655172
ungrazed3_September_litter,ungrazed,ungrazed_3,2022,September,9,2,2,litter,162.9,87.76939655
ungrazed3_September_grass,ungrazed,ungrazed_3,2022,September,9,2,3,grass,38.2,15.67501026
ungrazed3_September_forb,ungrazed,ungrazed_3,2022,September,9,2,3,forb,0,0
ungrazed3_September_woody,ungrazed,ungrazed_3,2022,September,9,2,3,woody,0,0
ungrazed3_September_litter,ungrazed,ungrazed_3,2022,September,9,2,3,litter,205.5,84.32498974
ungrazed3_September_grass,ungrazed,ungrazed_3,2022,September,9,2,4,grass,12.7,5.589788732
ungrazed3_September_forb,ungrazed,ungrazed_3,2022,September,9,2,4,forb,0,0
ungrazed3_September_woody,ungrazed,ungrazed_3,2022,September,9,2,4,woody,0,0
ungrazed3_September_litter,ungrazed,ungrazed_3,2022,September,9,2,4,litter,214.5,94.41021127
ungrazed3_September_grass,ungrazed,ungrazed_3,2022,September,9,2,5,grass,14.1,5.220288782
ungrazed3_September_forb,ungrazed,ungrazed_3,2022,September,9,2,5,forb,0,0
ungrazed3_September_woody,ungrazed,ungrazed_3,2022,September,9,2,5,woody,0,0
ungrazed3_September_litter,ungrazed,ungrazed_3,2022,September,9,2,5,litter,256,94.77971122
cattle1_September_grass,cattle,cattle_1,2022,September,9,3,1,grass,2.4,12.43523316
cattle1_September_forb,cattle,cattle_1,2022,September,9,3,1,forb,0,0
cattle1_September_woody,cattle,cattle_1,2022,September,9,3,1,woody,0,0
cattle1_September_litter,cattle,cattle_1,2022,September,9,3,1,litter,16.9,87.56476684
cattle1_September_grass,cattle,cattle_1,2022,September,9,3,2,grass,29.7,43.87001477
cattle1_September_forb,cattle,cattle_1,2022,September,9,3,2,forb,3.5,5.169867061
cattle1_September_woody,cattle,cattle_1,2022,September,9,3,2,woody,0,0
cattle1_September_litter,cattle,cattle_1,2022,September,9,3,2,litter,34.5,50.96011817
cattle1_September_grass,cattle,cattle_1,2022,September,9,3,3,grass,10.3,30.47337278
cattle1_September_forb,cattle,cattle_1,2022,September,9,3,3,forb,0.5,1.479289941
cattle1_September_woody,cattle,cattle_1,2022,September,9,3,3,woody,0,0
cattle1_September_litter,cattle,cattle_1,2022,September,9,3,3,litter,23,68.04733728
cattle1_September_grass,cattle,cattle_1,2022,September,9,3,4,grass,7.8,11.53846154
cattle1_September_forb,cattle,cattle_1,2022,September,9,3,4,forb,12.9,19.08284024
cattle1_September_woody,cattle,cattle_1,2022,September,9,3,4,woody,0,0
cattle1_September_litter,cattle,cattle_1,2022,September,9,3,4,litter,46.9,69.37869822
cattle1_September_grass,cattle,cattle_1,2022,September,9,3,5,grass,5.2,3.25
cattle1_September_forb,cattle,cattle_1,2022,September,9,3,5,forb,0,0
cattle1_September_woody,cattle,cattle_1,2022,September,9,3,5,woody,0,0
cattle1_September_litter,cattle,cattle_1,2022,September,9,3,5,litter,154.8,96.75
cattle2_September_grass,cattle,cattle_2,2022,September,9,2,1,grass,11.8,49.78902954
cattle2_September_forb,cattle,cattle_2,2022,September,9,2,1,forb,3.2,13.5021097
cattle2_September_woody,cattle,cattle_2,2022,September,9,2,1,woody,0,0
cattle2_September_litter,cattle,cattle_2,2022,September,9,2,1,litter,8.7,36.70886076
cattle2_September_grass,cattle,cattle_2,2022,September,9,2,2,grass,52.2,40.71762871
cattle2_September_forb,cattle,cattle_2,2022,September,9,2,2,forb,1.9,1.482059282
cattle2_September_woody,cattle,cattle_2,2022,September,9,2,2,woody,0,0
cattle2_September_litter,cattle,cattle_2,2022,September,9,2,2,litter,74.1,57.80031201
cattle2_September_grass,cattle,cattle_2,2022,September,9,2,3,grass,214.1,59.63788301
cattle2_September_forb,cattle,cattle_2,2022,September,9,2,3,forb,0,0
cattle2_September_woody,cattle,cattle_2,2022,September,9,2,3,woody,0,0
cattle2_September_litter,cattle,cattle_2,2022,September,9,2,3,litter,144.9,40.36211699
cattle2_September_grass,cattle,cattle_2,2022,September,9,2,4,grass,43.3,47.89823009
cattle2_September_forb,cattle,cattle_2,2022,September,9,2,4,forb,0,0
cattle2_September_woody,cattle,cattle_2,2022,September,9,2,4,woody,0,0
cattle2_September_litter,cattle,cattle_2,2022,September,9,2,4,litter,47.1,52.10176991
cattle2_September_grass,cattle,cattle_2,2022,September,9,2,5,grass,116.4,67.63509587
cattle2_September_forb,cattle,cattle_2,2022,September,9,2,5,forb,0,0
cattle2_September_woody,cattle,cattle_2,2022,September,9,2,5,woody,0,0
cattle2_September_litter,cattle,cattle_2,2022,September,9,2,5,litter,55.7,32.36490413
cattle3_September_grass,cattle,cattle_3,2022,September,9,1,1,grass,0.01,0.048520136
cattle3_September_forb,cattle,cattle_3,2022,September,9,1,1,forb,10,48.52013586
cattle3_September_woody,cattle,cattle_3,2022,September,9,1,1,woody,0,0
cattle3_September_litter,cattle,cattle_3,2022,September,9,1,1,litter,10.6,51.43134401
cattle3_September_grass,cattle,cattle_3,2022,September,9,1,2,grass,0,0
cattle3_September_forb,cattle,cattle_3,2022,September,9,1,2,forb,29.5,78.66666667
cattle3_September_woody,cattle,cattle_3,2022,September,9,1,2,woody,0,0
cattle3_September_litter,cattle,cattle_3,2022,September,9,1,2,litter,8,21.33333333
cattle3_September_grass,cattle,cattle_3,2022,September,9,1,3,grass,0,0
cattle3_September_forb,cattle,cattle_3,2022,September,9,1,3,forb,23,92.74193548
cattle3_September_woody,cattle,cattle_3,2022,September,9,1,3,woody,0,0
cattle3_September_litter,cattle,cattle_3,2022,September,9,1,3,litter,1.8,7.258064516
cattle3_September_grass,cattle,cattle_3,2022,September,9,1,4,grass,0,0
cattle3_September_forb,cattle,cattle_3,2022,September,9,1,4,forb,0.9,0.96359743
cattle3_September_woody,cattle,cattle_3,2022,September,9,1,4,woody,0,0
cattle3_September_litter,cattle,cattle_3,2022,September,9,1,4,litter,92.5,99.03640257
cattle3_September_grass,cattle,cattle_3,2022,September,9,1,5,grass,0,0
cattle3_September_forb,cattle,cattle_3,2022,September,9,1,5,forb,51.4,95.18518519
cattle3_September_woody,cattle,cattle_3,2022,September,9,1,5,woody,0,0
cattle3_September_litter,cattle,cattle_3,2022,September,9,1,5,litter,2.6,4.814814815
trtpd1_September_grass,trtpd,trtpd_1,2022,September,9,3,1,grass,0,0
trtpd1_September_forb,trtpd,trtpd_1,2022,September,9,3,1,forb,0,0
trtpd1_September_woody,trtpd,trtpd_1,2022,September,9,3,1,woody,0,0
trtpd1_September_litter,trtpd,trtpd_1,2022,September,9,3,1,litter,44.1,100
trtpd1_September_grass,trtpd,trtpd_1,2022,September,9,3,2,grass,0,0
trtpd1_September_forb,trtpd,trtpd_1,2022,September,9,3,2,forb,0.5,3.246753247
trtpd1_September_woody,trtpd,trtpd_1,2022,September,9,3,2,woody,0,0
trtpd1_September_litter,trtpd,trtpd_1,2022,September,9,3,2,litter,14.9,96.75324675
trtpd1_September_grass,trtpd,trtpd_1,2022,September,9,3,3,grass,0,0
trtpd1_September_forb,trtpd,trtpd_1,2022,September,9,3,3,forb,0,0
trtpd1_September_woody,trtpd,trtpd_1,2022,September,9,3,3,woody,0,0
trtpd1_September_litter,trtpd,trtpd_1,2022,September,9,3,3,litter,14.3,100
trtpd1_September_grass,trtpd,trtpd_1,2022,September,9,3,4,grass,0,0
trtpd1_September_forb,trtpd,trtpd_1,2022,September,9,3,4,forb,51.6,83.76623377
trtpd1_September_woody,trtpd,trtpd_1,2022,September,9,3,4,woody,0,0
trtpd1_September_litter,trtpd,trtpd_1,2022,September,9,3,4,litter,10,16.23376623
trtpd1_September_grass,trtpd,trtpd_1,2022,September,9,3,5,grass,0,0
trtpd1_September_forb,trtpd,trtpd_1,2022,September,9,3,5,forb,503.8,81.12721417
trtpd1_September_woody,trtpd,trtpd_1,2022,September,9,3,5,woody,65.9,10.61191626
trtpd1_September_litter,trtpd,trtpd_1,2022,September,9,3,5,litter,51.3,8.260869565
trtpd2_September_grass,trtpd,trtpd_2,2022,September,9,3,1,grass,0,0
trtpd2_September_forb,trtpd,trtpd_2,2022,September,9,3,1,forb,0,0
trtpd2_September_woody,trtpd,trtpd_2,2022,September,9,3,1,woody,0,0
trtpd2_September_litter,trtpd,trtpd_2,2022,September,9,3,1,litter,29.7,100
trtpd2_September_grass,trtpd,trtpd_2,2022,September,9,3,2,grass,0,0
trtpd2_September_forb,trtpd,trtpd_2,2022,September,9,3,2,forb,59.5,86.98830409
trtpd2_September_woody,trtpd,trtpd_2,2022,September,9,3,2,woody,0,0
trtpd2_September_litter,trtpd,trtpd_2,2022,September,9,3,2,litter,8.9,13.01169591
trtpd2_September_grass,trtpd,trtpd_2,2022,September,9,3,3,grass,0,0
trtpd2_September_forb,trtpd,trtpd_2,2022,September,9,3,3,forb,2.9,1.40503876
trtpd2_September_woody,trtpd,trtpd_2,2022,September,9,3,3,woody,140.2,67.92635659
trtpd2_September_litter,trtpd,trtpd_2,2022,September,9,3,3,litter,63.3,30.66860465
trtpd2_September_grass,trtpd,trtpd_2,2022,September,9,3,4,grass,0,0
trtpd2_September_forb,trtpd,trtpd_2,2022,September,9,3,4,forb,14.1,51.45985401
trtpd2_September_woody,trtpd,trtpd_2,2022,September,9,3,4,woody,0,0
trtpd2_September_litter,trtpd,trtpd_2,2022,September,9,3,4,litter,13.3,48.54014599
trtpd2_September_grass,trtpd,trtpd_2,2022,September,9,3,5,grass,0,0
trtpd2_September_forb,trtpd,trtpd_2,2022,September,9,3,5,forb,3.8,0.607902736
trtpd2_September_woody,trtpd,trtpd_2,2022,September,9,3,5,woody,456.3,72.99632059
trtpd2_September_litter,trtpd,trtpd_2,2022,September,9,3,5,litter,165,26.39577668
trtpd3_September_grass,trtpd,trtpd_3,2022,September,9,4,1,grass,0,0
trtpd3_September_forb,trtpd,trtpd_3,2022,September,9,4,1,forb,67,26.48221344
trtpd3_September_woody,trtpd,trtpd_3,2022,September,9,4,1,woody,0,0
trtpd3_September_litter,trtpd,trtpd_3,2022,September,9,4,1,litter,186,73.51778656
trtpd3_September_grass,trtpd,trtpd_3,2022,September,9,4,2,grass,0,0
trtpd3_September_forb,trtpd,trtpd_3,2022,September,9,4,2,forb,257.5,91.27968805
trtpd3_September_woody,trtpd,trtpd_3,2022,September,9,4,2,woody,0,0
trtpd3_September_litter,trtpd,trtpd_3,2022,September,9,4,2,litter,24.6,8.720311946
trtpd3_September_grass,trtpd,trtpd_3,2022,September,9,4,3,grass,0,0
trtpd3_September_forb,trtpd,trtpd_3,2022,September,9,4,3,forb,0,0
trtpd3_September_woody,trtpd,trtpd_3,2022,September,9,4,3,woody,0,0
trtpd3_September_litter,trtpd,trtpd_3,2022,September,9,4,3,litter,8.2,100
trtpd3_September_grass,trtpd,trtpd_3,2022,September,9,4,4,grass,0,0
trtpd3_September_forb,trtpd,trtpd_3,2022,September,9,4,4,forb,0,0
trtpd3_September_woody,trtpd,trtpd_3,2022,September,9,4,4,woody,0,0
trtpd3_September_litter,trtpd,trtpd_3,2022,September,9,4,4,litter,51.1,100
trtpd3_September_grass,trtpd,trtpd_3,2022,September,9,4,5,grass,0,0
trtpd3_September_forb,trtpd,trtpd_3,2022,September,9,4,5,forb,15.7,9.043778802
trtpd3_September_woody,trtpd,trtpd_3,2022,September,9,4,5,woody,20.4,11.75115207
trtpd3_September_litter,trtpd,trtpd_3,2022,September,9,4,5,litter,137.5,79.20506912
untrtpd1_September_grass,untrtpd,untrtpd_1,2022,September,9,2,1,grass,0,0
untrtpd1_September_forb,untrtpd,untrtpd_1,2022,September,9,2,1,forb,0,0
untrtpd1_September_woody,untrtpd,untrtpd_1,2022,September,9,2,1,woody,0,0
untrtpd1_September_litter,untrtpd,untrtpd_1,2022,September,9,2,1,litter,38,100
untrtpd1_September_grass,untrtpd,untrtpd_1,2022,September,9,2,2,grass,0,0
untrtpd1_September_forb,untrtpd,untrtpd_1,2022,September,9,2,2,forb,10.3,20.64128257
untrtpd1_September_woody,untrtpd,untrtpd_1,2022,September,9,2,2,woody,0,0
untrtpd1_September_litter,untrtpd,untrtpd_1,2022,September,9,2,2,litter,39.6,79.35871743
untrtpd1_September_grass,untrtpd,untrtpd_1,2022,September,9,2,3,grass,0,0
untrtpd1_September_forb,untrtpd,untrtpd_1,2022,September,9,2,3,forb,0,0
untrtpd1_September_woody,untrtpd,untrtpd_1,2022,September,9,2,3,woody,0,0
untrtpd1_September_litter,untrtpd,untrtpd_1,2022,September,9,2,3,litter,83.2,100
untrtpd1_September_grass,untrtpd,untrtpd_1,2022,September,9,2,4,grass,0,0
untrtpd1_September_forb,untrtpd,untrtpd_1,2022,September,9,2,4,forb,0,0
untrtpd1_September_woody,untrtpd,untrtpd_1,2022,September,9,2,4,woody,0,0
untrtpd1_September_litter,untrtpd,untrtpd_1,2022,September,9,2,4,litter,185.8,100
untrtpd1_September_grass,untrtpd,untrtpd_1,2022,September,9,2,5,grass,0,0
untrtpd1_September_forb,untrtpd,untrtpd_1,2022,September,9,2,5,forb,14.9,10.05398111
untrtpd1_September_woody,untrtpd,untrtpd_1,2022,September,9,2,5,woody,0,0
untrtpd1_September_litter,untrtpd,untrtpd_1,2022,September,9,2,5,litter,133.3,89.94601889
untrtpd2_September_grass,untrtpd,untrtpd_2,2022,September,9,1,1,grass,0,0
untrtpd2_September_forb,untrtpd,untrtpd_2,2022,September,9,1,1,forb,85.9,58.99725275
untrtpd2_September_woody,untrtpd,untrtpd_2,2022,September,9,1,1,woody,0,0
untrtpd2_September_litter,untrtpd,untrtpd_2,2022,September,9,1,1,litter,59.7,41.00274725
untrtpd2_September_grass,untrtpd,untrtpd_2,2022,September,9,1,2,grass,0,0
untrtpd2_September_forb,untrtpd,untrtpd_2,2022,September,9,1,2,forb,69.5,34.90708187
untrtpd2_September_woody,untrtpd,untrtpd_2,2022,September,9,1,2,woody,21.8,10.94927172
untrtpd2_September_litter,untrtpd,untrtpd_2,2022,September,9,1,2,litter,107.8,54.14364641
untrtpd2_September_grass,untrtpd,untrtpd_2,2022,September,9,1,3,grass,0,0
untrtpd2_September_forb,untrtpd,untrtpd_2,2022,September,9,1,3,forb,175,83.17490494
untrtpd2_September_woody,untrtpd,untrtpd_2,2022,September,9,1,3,woody,0,0
untrtpd2_September_litter,untrtpd,untrtpd_2,2022,September,9,1,3,litter,35.4,16.82509506
untrtpd2_September_grass,untrtpd,untrtpd_2,2022,September,9,1,4,grass,0,0
untrtpd2_September_forb,untrtpd,untrtpd_2,2022,September,9,1,4,forb,45.8,75.82781457
untrtpd2_September_woody,untrtpd,untrtpd_2,2022,September,9,1,4,woody,0,0
untrtpd2_September_litter,untrtpd,untrtpd_2,2022,September,9,1,4,litter,14.6,24.17218543
untrtpd2_September_grass,untrtpd,untrtpd_2,2022,September,9,1,5,grass,0,0
untrtpd2_September_forb,untrtpd,untrtpd_2,2022,September,9,1,5,forb,16.4,23.87190684
untrtpd2_September_woody,untrtpd,untrtpd_2,2022,September,9,1,5,woody,0,0
untrtpd2_September_litter,untrtpd,untrtpd_2,2022,September,9,1,5,litter,52.3,76.12809316
untrtpd3_September_grass,untrtpd,untrtpd_3,2022,September,9,1,1,grass,0,0
untrtpd3_September_forb,untrtpd,untrtpd_3,2022,September,9,1,1,forb,0.7,0.814901048
untrtpd3_September_woody,untrtpd,untrtpd_3,2022,September,9,1,1,woody,0,0
untrtpd3_September_litter,untrtpd,untrtpd_3,2022,September,9,1,1,litter,85.2,99.18509895
untrtpd3_September_grass,untrtpd,untrtpd_3,2022,September,9,1,2,grass,0,0
untrtpd3_September_forb,untrtpd,untrtpd_3,2022,September,9,1,2,forb,49,53.14533623
untrtpd3_September_woody,untrtpd,untrtpd_3,2022,September,9,1,2,woody,0,0
untrtpd3_September_litter,untrtpd,untrtpd_3,2022,September,9,1,2,litter,43.2,46.85466377
untrtpd3_September_grass,untrtpd,untrtpd_3,2022,September,9,1,3,grass,0,0
untrtpd3_September_forb,untrtpd,untrtpd_3,2022,September,9,1,3,forb,5.1,11.69724771
untrtpd3_September_woody,untrtpd,untrtpd_3,2022,September,9,1,3,woody,0,0
untrtpd3_September_litter,untrtpd,untrtpd_3,2022,September,9,1,3,litter,38.5,88.30275229
untrtpd3_September_grass,untrtpd,untrtpd_3,2022,September,9,1,4,grass,0,0
untrtpd3_September_forb,untrtpd,untrtpd_3,2022,September,9,1,4,forb,0,0
untrtpd3_September_woody,untrtpd,untrtpd_3,2022,September,9,1,4,woody,0,0
untrtpd3_September_litter,untrtpd,untrtpd_3,2022,September,9,1,4,litter,32.6,100
untrtpd3_September_grass,untrtpd,untrtpd_3,2022,September,9,1,5,grass,0,0
untrtpd3_September_forb,untrtpd,untrtpd_3,2022,September,9,1,5,forb,0,0
untrtpd3_September_woody,untrtpd,untrtpd_3,2022,September,9,1,5,woody,0,0
untrtpd3_September_litter,untrtpd,untrtpd_3,2022,September,9,1,5,litter,44.4,100
